id,struct_id,type
5525,5391,ANTIBODY-DRUG CONJUGATE
5526,5392,ORGANIC
5527,5393,ORGANIC
5528,5394,ORGANIC
5529,5395,RADIOPHARMACEUTICAL
5530,5396,RADIOPHARMACEUTICAL
5531,5397,MONOCLONAL ANTIBODY
5532,5398,ORGANIC
5533,5399,ORGANIC
5534,5400,ORGANIC
5535,5401,ORGANIC
5536,5402,ORGANIC
5537,5403,ORGANIC
5538,5404,MONOCLONAL ANTIBODY
5539,5405,ANTIBODY-DRUG CONJUGATE
5540,5406,ORGANIC
5541,5407,ORGANIC
5542,5408,OLIGONUCLEOTIDE
5543,5409,MONOCLONAL ANTIBODY
5544,5410,ORGANIC
5546,5411,RADIOPHARMACEUTICAL
5547,5412,ORGANIC
5548,5413,PROTEIN
5549,5414,ORGANIC
5550,5415,RNA
5551,5416,PEPTIDE
5552,5417,PEPTIDE
5553,5418,ENZYME
5554,5419,ORGANIC
5555,5420,ORGANIC
5556,5421,ORGANIC
5557,5422,RADIOPHARMACEUTICAL
5558,5423,ORGANIC
5559,5424,ORGANIC
5560,5425,ORGANIC
5561,5426,ORGANIC
5562,5427,ORGANIC
5563,5428,ORGANIC
5564,5429,RADIOPHARMACEUTICAL
5565,5430,ORGANIC
5566,5431,ORGANIC
5666,5432,ORGANIC
5667,5433,MONOCLONAL ANTIBODY
5668,5434,MONOCLONAL ANTIBODY
5669,5435,MONOCLONAL ANTIBODY
5670,5436,MONOCLONAL ANTIBODY
5671,5437,MONOCLONAL ANTIBODY
5672,5438,MONOCLONAL ANTIBODY
5673,5439,ORGANIC
5674,5440,ORGANIC
5675,5441,ORGANIC
5676,5442,ORGANIC
5677,5443,OLIGONUCLEOTIDE
5678,5444,ORGANIC
5680,5445,ORGANIC
5681,5446,ORGANIC
5682,5447,PEPTIDE
5683,5448,ORGANIC
5684,5449,MONOCLONAL ANTIBODY
5685,5450,ORGANIC
5687,5451,MONOCLONAL ANTIBODY
5688,5452,ANTIBODY-DRUG CONJUGATE
5690,5453,MONOCLONAL ANTIBODY
5691,5454,MONOCLONAL ANTIBODY
5692,5455,MONOCLONAL ANTIBODY
5693,5456,MONOCLONAL ANTIBODY
5694,5457,PEPTIDE
5695,5458,RADIOPHARMACEUTICAL
5696,5459,ORGANIC
5697,5460,ORGANIC
5698,5461,ORGANIC
5699,5462,ORGANIC
5410,5375,ORGANIC
5411,5376,ORGANIC
5412,5377,ORGANIC
5413,5378,ORGANIC
5414,5379,ORGANIC
5415,5380,ORGANIC
5416,5381,ORGANIC
5417,5382,ORGANIC
5418,5383,ORGANIC
5419,5384,ORGANIC
5420,5385,MONOCLONAL ANTIBODY
5421,5386,MONOCLONAL ANTIBODY
5422,5387,MONOCLONAL ANTIBODY
5423,5388,ORGANIC
5424,5389,ORGANIC
5425,5390,ORGANIC
5119,5279,MONOCLONAL ANTIBODY
5120,5280,ORGANIC
5121,5281,MONOCLONAL ANTIBODY
5122,5282,MONOCLONAL ANTIBODY
5123,5283,ORGANIC
5124,5284,MONOCLONAL ANTIBODY
5125,5285,ORGANIC
5126,5286,ORGANIC
5127,5287,ORGANIC
5128,5288,ORGANIC
5129,5289,ORGANIC
5130,5290,ORGANIC
5132,5291,ORGANIC
5133,5292,ORGANIC
5134,5293,ORGANIC
5135,5294,ORGANIC
5136,5295,ORGANIC
5137,5296,ORGANIC
5138,5297,ORGANIC
5139,5298,ORGANIC
5140,5299,ORGANIC
5141,5300,ORGANIC
5142,5301,ORGANIC
5143,5302,ORGANIC
5144,5303,ORGANIC
5145,5304,ORGANIC
5146,5305,ORGANIC
5147,5306,ORGANIC
5148,5307,ORGANIC
5149,5308,MONOCLONAL ANTIBODY
5150,5309,MONOCLONAL ANTIBODY
5151,5310,ENZYME
5152,5311,ORGANIC
5153,5312,ORGANIC
5154,5313,RNA
5155,5314,MONOCLONAL ANTIBODY
5156,5315,MONOCLONAL ANTIBODY
5157,5316,MONOCLONAL ANTIBODY
5158,5317,MONOCLONAL ANTIBODY
5159,5318,ENZYME
5160,5319,OLIGONUCLEOTIDE
5161,5320,MONOCLONAL ANTIBODY
5162,5321,ENZYME
5163,5322,MONOCLONAL ANTIBODY
5164,5323,FUSION PROTEIN
5165,5324,ORGANIC
5266,5325,ORGANIC
5267,5326,ORGANIC
5268,5327,ORGANIC
5269,5328,ORGANIC
5270,5329,PEPTIDE
5271,5330,ORGANIC
5273,5331,TOXIN
5274,5332,VIRUS
5275,5333,ANTIBODY-DRUG CONJUGATE
5276,5334,ORGANIC
5277,5335,OLIGONUCLEOTIDE
5278,5336,PROTEIN
5279,5337,MONOCLONAL ANTIBODY
5371,5338,PROTEIN
5372,5339,ORGANIC
5373,5340,ENZYME
5374,5341,ORGANIC
5375,5342,ORGANIC
5376,5343,ORGANIC
5377,5344,ORGANIC
5378,5345,ORGANIC
5379,5346,ORGANIC
5380,5347,ORGANIC
5381,5348,ORGANIC
5382,5349,ORGANIC
5383,5350,ORGANIC
5384,5351,ORGANIC
5385,5352,ORGANIC
5386,5353,ORGANIC
5388,5354,RNA
5389,5355,ORGANIC
5390,5356,ORGANIC
5392,5357,OLIGONUCLEOTIDE
5393,5358,ORGANIC
5394,5359,ORGANIC
5395,5360,ORGANIC
5396,5361,ORGANIC
5397,5362,MONOCLONAL ANTIBODY
5398,5363,MONOCLONAL ANTIBODY
5399,5364,FUSION PROTEIN
5400,5365,MONOCLONAL ANTIBODY
5401,5366,ANTIBODY-DRUG CONJUGATE
5402,5367,ANTIBODY-DRUG CONJUGATE
5091,5253,ORGANIC
5092,5254,ORGANIC
5093,5255,ORGANIC
5094,5256,ORGANIC
5095,5257,ORGANIC
5096,5258,ORGANIC
5098,5259,ORGANIC
5099,5260,ORGANIC
5100,5261,ORGANIC
5101,5262,ORGANIC
5102,5263,MONOCLONAL ANTIBODY
5103,5264,ENZYME
5104,5265,PROTEIN
5105,5266,ORGANIC
5106,5267,PEPTIDE
5107,5268,MONOCLONAL ANTIBODY
5108,5269,ORGANIC
5109,5270,ORGANIC
5110,5271,PEPTIDE
5111,5272,PEPTIDE
5112,5273,COORDINATION
5113,5274,ORGANIC
5114,5275,COORDINATION
5115,5275,RADIOPHARMACEUTICAL
5116,5276,ORGANIC
5117,5277,ORGANIC
5118,5278,ORGANIC
5063,5069,PROTEIN
5064,5229,ORGANIC
5065,5230,ENZYME
5066,5231,ORGANIC
5067,5232,PEPTIDE
5068,5233,ORGANIC
5069,5234,MONOCLONAL ANTIBODY
5070,5235,PEPTIDE
5071,5236,ORGANIC
5072,5237,MONOCLONAL ANTIBODY
5073,5238,ORGANIC
5074,5239,ORGANIC
5075,5240,ORGANIC
5076,5241,ORGANIC
5078,5242,ORGANIC
5079,5243,ORGANIC
5080,5244,ORGANIC
5083,5245,FUSION PROTEIN
5084,5246,MONOCLONAL ANTIBODY
5085,5247,ANTIBODY-DRUG CONJUGATE
5086,5248,ORGANIC
5087,5249,ORGANIC
5088,5250,ORGANIC
5089,5251,ORGANIC
5090,5252,ORGANIC
5033,5201,ORGANIC
5034,5202,ORGANIC
5035,5203,ORGANIC
5036,5204,INORGANIC
5037,5205,PROTEIN
5038,5206,ENZYME
5039,5207,OLIGONUCLEOTIDE
5041,5208,PEPTIDE
5042,5209,ORGANIC
5043,5210,ORGANIC
5044,5211,ORGANIC
5045,5212,PROTEIN
5046,5213,MONOCLONAL ANTIBODY
5047,5214,ORGANIC
5048,5215,ORGANIC
5049,5216,ENZYME
5050,5217,ORGANIC
5051,5218,ORGANIC
5052,5219,PEPTIDE
5053,5220,ORGANIC
5054,5221,MONOCLONAL ANTIBODY
5055,5222,ORGANIC
5056,5223,MONOCLONAL ANTIBODY
5057,5224,MONOCLONAL ANTIBODY
5058,5225,INORGANIC
5059,5226,ORGANIC
5060,5227,ORGANIC
5061,5226,RADIOPHARMACEUTICAL
5062,5228,PROTEIN
5017,5188,ORGANIC
5018,4538,COORDINATION
5019,4537,COORDINATION
5020,5189,PROTEIN
5021,5190,INORGANIC
5023,5191,PEPTIDE
5024,5192,PEPTIDE
5025,5193,ORGANIC
5026,5194,ORGANIC
5027,5195,PEPTIDE
5028,5196,PEPTIDE
5029,5197,PEPTIDE
5030,5198,PEPTIDE
5031,5199,ENZYME
5032,5200,ORGANIC SALT
5015,5186,MONOCLONAL ANTIBODY
5016,5187,COORDINATION
5001,5174,ORGANIC
5002,5175,PROTEIN
5003,5176,ENZYME
5004,5177,MONOCLONAL ANTIBODY
5006,5178,FUSION PROTEIN
5007,5179,MONOCLONAL ANTIBODY
5008,5172,VIRUS
5009,5180,VIRUS
5010,5181,PEPTIDE
5011,5182,OLIGONUCLEOTIDE
5012,5183,MONOCLONAL ANTIBODY
5013,5184,RADIOPHARMACEUTICAL
5014,5185,RADIOPHARMACEUTICAL
4959,5116,MIXTURE
4961,5137,PROTEIN
4962,5138,ENZYME
4963,5139,PROTEIN
4964,5140,PROTEIN
4965,5141,ENZYME
4966,5142,ORGANIC
4967,5143,ORGANIC
4968,5144,ORGANIC
4969,5145,ORGANIC
4970,5146,INORGANIC
4971,5147,RADIOPHARMACEUTICAL
4972,5148,MIXTURE
4973,5149,PROTEIN
4974,5150,ORGANIC
4975,5151,MONOCLONAL ANTIBODY
4976,5152,PROTEIN
4977,5153,RADIOPHARMACEUTICAL
4978,5154,ORGANIC
4979,5155,ORGANIC
4980,5156,RADIOPHARMACEUTICAL
4982,5157,PROTEIN
4983,5158,PROTEIN
4984,5159,PROTEIN
4985,5160,PROTEIN
4986,5161,MIXTURE
4987,5161,PROTEIN
4988,5162,MIXTURE
4989,5163,PROTEIN
4990,5165,PROTEIN
4991,5166,PROTEIN
4992,5167,PROTEIN
4993,5168,ORGANIC
4994,5169,ORGANIC
4995,5170,PROTEIN
4996,1835,ORGANIC
4997,5164,PROTEIN
4998,5171,ORGANIC
5000,5173,PROTEIN
4955,5132,INORGANIC SALT
4956,5133,ORGANIC
4957,5134,PROTEIN
4958,5135,ENZYME
4897,5080,ORGANIC
4898,5081,ORGANIC
4899,5082,ENZYME
4900,1467,MIXTURE
4901,5083,MONOCLONAL ANTIBODY
4902,5084,FUSION PROTEIN
4904,5086,MONOCLONAL ANTIBODY
4905,5087,FUSION PROTEIN
4906,5088,FUSION PROTEIN
4907,5089,FUSION PROTEIN
4908,5090,ORGANIC
4909,5091,FUSION PROTEIN
4910,5092,OLIGONUCLEOTIDE
4911,5093,MONOCLONAL ANTIBODY
4912,5094,MONOCLONAL ANTIBODY
4913,5095,RADIOPHARMACEUTICAL
4914,5096,RADIOPHARMACEUTICAL
4915,5097,ORGANIC
4916,5098,ORGANIC
4917,5099,PROTEIN
4918,5100,ORGANIC
4919,5092,MIXTURE
4920,5101,ENZYME
4921,5102,ENZYME
4922,5103,MIXTURE
4923,5104,UNKNOWN
4924,5105,FUSION PROTEIN
4925,5106,RADIOPHARMACEUTICAL
4926,5107,MIXTURE
4927,5107,POLYMER
4928,5108,MIXTURE
4929,5109,ENZYME
4930,5110,ORGANIC
4931,5112,MIXTURE
4932,5113,ORGANIC
4933,5114,MIXTURE
4934,5115,INORGANIC SALT
4936,5117,COORDINATION
4937,5118,INORGANIC
4938,5119,RADIOPHARMACEUTICAL
4939,5120,RADIOPHARMACEUTICAL
4940,5121,MIXTURE
4941,5122,MIXTURE
4942,5123,RADIOPHARMACEUTICAL
4943,5124,RADIOPHARMACEUTICAL
4944,5125,ORGANIC
4945,4717,POLYMER
4947,5126,MIXTURE
4948,5127,MONOCLONAL ANTIBODY
4949,5128,COORDINATION
4950,5128,POLYMER
4951,5129,ENZYME
4952,5127,RADIOPHARMACEUTICAL
4953,5130,ORGANIC
4954,5131,ENZYME
4880,5064,ORGANIC
4881,5065,ORGANIC
4882,5066,ENZYME
4883,5067,ORGANIC
4884,5068,ORGANIC
4886,5070,ENZYME
4887,5071,MONOCLONAL ANTIBODY
4888,5072,MONOCLONAL ANTIBODY
4889,5073,ORGANIC
4890,5074,MIXTURE
4891,5075,ORGANIC
4892,5076,COORDINATION
4893,5077,ORGANIC
4894,5078,ORGANIC
4895,4105,POLYMER
4896,5079,ORGANIC
4858,5045,ORGANIC
4859,5046,ORGANIC
4860,5047,ORGANIC
4861,5048,ORGANIC
4862,5049,ENZYME
4863,5050,DENDRIMER
4864,5051,ENZYME
4865,5052,ORGANIC
4866,4059,RADIOPHARMACEUTICAL
4867,5053,ORGANIC
4868,5054,ORGANIC
4869,5055,MONOCLONAL ANTIBODY
4870,5056,POLYMER
4871,5057,PEPTIDE
4873,5058,ORGANIC
4874,5059,ORGANIC
4875,5060,ORGANIC
4876,5061,MONOCLONAL ANTIBODY
4877,5062,ORGANIC
4878,5063,MONOCLONAL ANTIBODY
4831,5022,ORGANIC
4833,5024,PROTEIN
4834,5025,PROTEIN
4835,5026,PROTEIN
4836,5027,ORGANIC
4837,5028,ENZYME
4838,5029,ORGANIC
4839,5030,ENZYME
4840,5031,MONOCLONAL ANTIBODY
4842,5032,ORGANIC
4843,5033,ENZYME
4844,5034,MIXTURE
4845,5035,MIXTURE
4846,5036,RADIOPHARMACEUTICAL
4847,5036,INORGANIC SALT
4848,5037,ORGANIC
4849,5038,RADIOPHARMACEUTICAL
4850,5038,INORGANIC SALT
4851,5039,MIXTURE
4852,5040,ENZYME
4853,5041,MONOCLONAL ANTIBODY
4854,5041,RADIOPHARMACEUTICAL
4855,5042,PEPTIDE
4856,5043,ENZYME
4857,5044,ENZYME
4824,5016,MONOCLONAL ANTIBODY
4826,5017,PEPTIDE
4827,5018,ENZYME
4828,5019,PROTEIN
4829,5020,ORGANIC
4830,5021,ENZYME
4820,5012,ORGANIC
4821,5013,ORGANIC
4822,5014,ORGANIC
4823,5015,PROTEIN
4787,4989,ENZYME
4788,4990,ANTIBODY-DRUG CONJUGATE
4789,4991,PROTEIN
4791,4992,ORGANOMETALLIC
4792,4992,ORGANIC SALT
4793,4992,COORDINATION
4795,1318,ORGANIC SALT
4796,2987,POLYMER
4797,3613,MIXTURE
4798,4321,POLYMER
4799,4993,ORGANIC
4800,4994,ENZYME
4801,4995,PROTEIN
4802,4996,FUSION PROTEIN
4803,4997,ENZYME
4804,4998,INORGANIC SALT
4805,4999,ENZYME
4806,4488,INORGANIC SALT
4807,5000,MONOCLONAL ANTIBODY
4808,5001,ORGANIC
4809,5002,PEPTIDE
4810,5003,PEPTIDE
4811,5004,ENZYME
4812,5005,ORGANIC
4813,5006,ORGANIC
4814,5007,PROTEIN
4816,5008,ORGANIC
4817,5009,PEPTIDE
4818,5010,ORGANIC
4819,5011,PROTEIN
4784,4986,PROTEIN
4785,4987,PROTEIN
4786,4988,ORGANIC
4771,4976,ORGANIC
4772,4977,MONOCLONAL ANTIBODY
4773,1358,MIXTURE
4774,728,POLYMER
4775,4021,MIXTURE
4776,4978,FUSION PROTEIN
4777,4979,MONOCLONAL ANTIBODY
4778,4980,ANTIBODY-DRUG CONJUGATE
4779,4981,PEPTIDE
4780,4982,MONOCLONAL ANTIBODY
4781,4983,MONOCLONAL ANTIBODY
4782,4984,ANTIBODY-DRUG CONJUGATE
4783,4985,PEPTIDE
4728,4941,ORGANIC
4729,4942,ORGANIC
4730,4943,ORGANIC
4731,4944,ORGANIC
4733,4945,PEPTIDE
4734,4946,ORGANIC
4735,4947,ORGANIC
4736,4948,MONOCLONAL ANTIBODY
4738,4949,MONOCLONAL ANTIBODY
4739,4950,MONOCLONAL ANTIBODY
4741,4951,MONOCLONAL ANTIBODY
4742,4952,MONOCLONAL ANTIBODY
4743,4953,MONOCLONAL ANTIBODY
4744,4954,MONOCLONAL ANTIBODY
4745,3484,ORGANIC
4746,2316,ORGANIC
4747,2560,ORGANIC
4748,4173,ORGANIC
4749,4172,ORGANIC
4750,4955,MONOCLONAL ANTIBODY
4751,4956,MONOCLONAL ANTIBODY
4752,4957,MONOCLONAL ANTIBODY
4753,4958,MONOCLONAL ANTIBODY
4754,4959,MONOCLONAL ANTIBODY
4755,4960,PEPTIDE
4756,4961,MONOCLONAL ANTIBODY
4757,4962,ORGANIC
4758,4963,ORGANIC
4759,4964,ANTIBODY-DRUG CONJUGATE
4760,4965,MONOCLONAL ANTIBODY
4761,4966,MONOCLONAL ANTIBODY
4762,4967,MONOCLONAL ANTIBODY
4763,4968,MONOCLONAL ANTIBODY
4764,4969,MONOCLONAL ANTIBODY
4765,4970,MONOCLONAL ANTIBODY
4766,4971,MONOCLONAL ANTIBODY
4767,4972,MONOCLONAL ANTIBODY
4768,4973,ORGANIC
4769,4974,MONOCLONAL ANTIBODY
4770,4975,MONOCLONAL ANTIBODY
4705,4918,ENZYME
4706,4919,ORGANIC
4707,4920,ORGANIC
4708,4921,ORGANIC
4709,4922,ORGANIC
4710,4923,MONOCLONAL ANTIBODY
4711,4924,MONOCLONAL ANTIBODY
4712,4925,PROTEIN
4713,4926,INORGANIC
4714,4927,PEPTIDE
4715,4928,PROTEIN
4716,4929,PROTEIN
4717,4930,PROTEIN
4718,4931,PEPTIDE
4719,4932,ENZYME
4720,4933,MONOCLONAL ANTIBODY
4721,4934,MONOCLONAL ANTIBODY
4722,4935,MONOCLONAL ANTIBODY
4723,4936,PEPTIDE
4724,4937,ORGANIC
4725,4938,ORGANIC
4726,4939,ORGANIC
4727,4940,MONOCLONAL ANTIBODY
4702,4915,MONOCLONAL ANTIBODY
4703,4916,FUSION PROTEIN
4704,4917,MONOCLONAL ANTIBODY
4682,4898,ORGANIC
4683,4899,ORGANIC
4684,4900,ORGANIC
4685,4901,PEPTIDE
4686,4902,ORGANIC
4687,4903,ORGANIC
4689,4904,MONOCLONAL ANTIBODY
4690,4905,OLIGONUCLEOTIDE
4691,4906,ORGANIC
4692,4907,ORGANIC
4693,4908,ORGANIC
4694,4909,MONOCLONAL ANTIBODY
4695,4910,PEPTIDE
4696,4911,ORGANOMETALLIC
4697,4911,COORDINATION
4698,4912,ORGANIC
4699,4913,ORGANIC
4701,4914,ORGANIC
4668,4885,PEPTIDE
4669,4884,MIXTURE
4670,4886,ORGANIC
4671,4887,ORGANIC
4672,4888,ORGANIC
4673,4889,ORGANIC
4674,4890,ORGANIC
4675,4891,ORGANIC
4676,4892,ORGANIC
4677,4893,ORGANIC
4678,4894,ORGANIC
4679,4895,ORGANIC
4680,4896,ORGANIC
4681,4897,ORGANIC
4660,4880,MIXTURE
4661,4880,POLYMER
4662,4881,ORGANIC
4665,4882,ORGANIC
4666,4883,ORGANIC
4651,2985,POLYMER
4652,4873,ORGANIC
4653,4874,ORGANIC
4654,2956,MIXTURE
4655,4875,ORGANIC
4656,4876,ORGANIC
4657,4877,ORGANIC
4658,4878,ORGANIC
4659,4879,MIXTURE
4650,3665,ORGANIC SALT
4648,4871,POLYMER
4649,4872,ORGANIC
4641,4865,ORGANIC
4642,4866,ORGANIC
4643,4867,ORGANIC
4644,4868,ORGANIC
4645,4869,ORGANIC
4646,4870,ORGANIC
4603,4832,ORGANIC
4604,4833,ORGANIC
4605,4834,ORGANIC
4606,4835,ORGANIC
4608,4836,PEPTIDE
4609,4837,INORGANIC SALT
4610,4838,INORGANIC
4611,4839,PEPTIDE
4612,4840,MIXTURE
4613,4841,INORGANIC SALT
4614,4842,ORGANIC SALT
4615,4843,ORGANIC SALT
4616,4844,ORGANIC SALT
4617,4845,RADIOPHARMACEUTICAL
4618,4845,COORDINATION
4619,4846,PEPTIDE
4620,4847,COORDINATION
4621,4847,RADIOPHARMACEUTICAL
4622,4848,PEPTIDE
4623,4849,ORGANIC
4625,4851,POLYMER
4626,4852,POLYMER
4628,4853,ORGANIC
4629,4854,POLYMER
4630,4855,MIXTURE
4631,4856,ORGANIC
4632,4857,ORGANIC
4633,4858,PEPTIDE
4635,4859,MIXTURE
4636,4860,COORDINATION
4637,4861,ORGANIC
4638,4862,ORGANIC
4639,4863,ORGANIC
4640,4864,ORGANIC
4600,4829,ORGANIC
4601,4830,ORGANIC
4602,4831,ORGANIC
4593,4824,ORGANIC
4594,4825,ORGANIC
4595,4826,PEPTIDE
4596,664,INNER SALT
4597,4827,RADIOPHARMACEUTICAL
4598,4828,RADIOPHARMACEUTICAL
4599,3974,POLYMER
4588,205,MIXTURE
4590,4821,PEPTIDE
4591,4822,ORGANIC
4592,4823,ORGANIC
4579,2414,INNER SALT
4580,4169,INNER SALT
4581,4818,RADIOPHARMACEUTICAL
4583,4140,INNER SALT
4584,4819,ORGANIC
4585,3203,ORGANIC
4586,4820,ORGANIC
4587,3485,MIXTURE
4575,326,MIXTURE
4577,3552,MIXTURE
4578,4817,ORGANIC
4557,4806,ORGANIC
4558,4807,ORGANIC
4559,4808,ORGANIC
4560,4809,ORGANIC
4561,4810,ORGANIC
4564,4811,ORGANIC
4565,4794,PEPTIDE
4568,4812,ORGANIC
4569,281,MIXTURE
4571,4813,ORGANIC
4572,4814,ORGANIC
4573,4815,PEPTIDE
4574,4816,ORGANIC
4555,2994,PEPTIDE
4556,2998,MIXTURE
4553,4804,PEPTIDE
4554,4805,ORGANIC
4520,4779,ORGANIC SALT
4521,4780,ORGANIC SALT
4522,4781,INORGANIC SALT
4523,4782,INORGANIC SALT
4524,4783,UNKNOWN
4525,4784,INORGANIC SALT
4526,4785,MIXTURE
4527,4786,INORGANIC
4528,4787,INORGANIC
4530,4788,ORGANOMETALLIC
4531,4789,INORGANIC
4532,4790,INORGANIC SALT
4535,4793,MIXTURE
4536,4794,MIXTURE
4537,3485,ORGANIC SALT
4538,4795,INORGANIC SALT
4539,4796,ORGANIC SALT
4540,4797,INORGANIC SALT
4543,4799,ORGANIC
4544,4800,RADIOPHARMACEUTICAL
4545,248,ORGANIC
4547,4801,ORGANIC
4548,4802,ORGANIC
4550,4803,ORGANIC
4490,4755,RADIOPHARMACEUTICAL
4491,4755,COORDINATION
4492,4755,POLYMER
4493,4756,COORDINATION
4494,4757,ORGANIC
4495,4758,ORGANIC
4496,4028,MIXTURE
4497,4759,COORDINATION
4498,4759,ORGANIC SALT
4499,4760,UNKNOWN
4500,4761,COORDINATION
4501,4762,COORDINATION
4502,4763,COORDINATION
4503,4764,ORGANIC SALT
4506,4767,COORDINATION
4507,4767,ORGANIC SALT
4508,4768,ORGANIC
4509,4769,ORGANIC
4510,4770,ORGANIC
4511,4771,ORGANIC
4512,4772,ORGANIC
4513,4773,ORGANIC
4514,4774,ORGANIC
4515,4775,RADIOPHARMACEUTICAL
4516,4776,MIXTURE
4517,4777,INORGANIC SALT
4518,4777,COORDINATION
4519,4778,ORGANIC
4477,4745,ORGANIC
4478,4746,ORGANIC
4479,4747,OLIGONUCLEOTIDE
4480,4748,ORGANIC
4482,4234,PEPTIDE
4483,4749,ORGANIC
4484,4750,ORGANIC
4485,4751,OLIGONUCLEOTIDE
4487,4752,ORGANIC
4488,4753,COORDINATION
4489,4754,COORDINATION
1,3152,POLYMER
2,727,POLYMER
3,4048,POLYMER
4,1447,POLYMER
5,3957,POLYMER
6,3482,POLYMER
7,4234,POLYMER
8,4249,POLYMER
9,4253,POLYMER
10,4278,POLYMER
11,4279,POLYMER
12,4324,POLYMER
13,4331,POLYMER
14,4405,POLYMER
15,4487,POLYMER
16,4614,POLYMER
17,4632,POLYMER
19,2577,MIXTURE
20,901,ORGANIC SALT
21,2203,MIXTURE
22,1436,MIXTURE
23,2047,ORGANIC
24,2162,MIXTURE
25,3891,MIXTURE
26,3974,MIXTURE
27,2084,MIXTURE
28,3063,MIXTURE
29,3875,MIXTURE
30,3489,MIXTURE
31,3972,MIXTURE
32,3864,MIXTURE
34,4430,MIXTURE
35,4232,MIXTURE
36,4247,MIXTURE
37,4265,MIXTURE
38,4307,MIXTURE
40,4316,MIXTURE
41,4317,MIXTURE
42,4333,MIXTURE
43,4335,MIXTURE
44,4358,MIXTURE
45,4360,MIXTURE
46,4362,MIXTURE
48,4387,MIXTURE
49,4426,MIXTURE
50,4425,MIXTURE
51,4445,MIXTURE
52,4473,MIXTURE
53,4534,MIXTURE
54,4576,MIXTURE
55,4623,MIXTURE
60,2443,MIXTURE
62,4104,UNKNOWN
63,2097,UNKNOWN
68,2973,POLYMER
71,2997,PEPTIDE
72,731,MIXTURE
75,4431,UNKNOWN
78,4391,UNKNOWN
79,4246,MIXTURE
80,4186,PEPTIDE
85,4119,PEPTIDE
88,2645,PEPTIDE
89,3180,PEPTIDE
90,2830,PEPTIDE
91,2088,PEPTIDE
92,2232,PEPTIDE
93,1040,PEPTIDE
94,3542,PEPTIDE
95,3069,PEPTIDE
96,579,PEPTIDE
97,495,PEPTIDE
98,3008,PEPTIDE
99,2042,PEPTIDE
100,3126,PEPTIDE
101,1980,PEPTIDE
102,2349,ORGANIC
104,817,PEPTIDE
105,2810,PEPTIDE
106,2959,PEPTIDE
107,1546,PEPTIDE
108,2977,PEPTIDE
110,2958,PEPTIDE
111,2955,PEPTIDE
112,2580,PEPTIDE
113,760,PEPTIDE
114,1559,PEPTIDE
116,2967,PEPTIDE
117,436,PEPTIDE
118,774,PEPTIDE
119,1327,PEPTIDE
120,1798,PEPTIDE
122,2968,PEPTIDE
123,1868,PEPTIDE
124,2975,PEPTIDE
125,2954,PEPTIDE
126,35,PEPTIDE
127,583,PEPTIDE
128,2807,PEPTIDE
129,1279,PEPTIDE
130,783,PEPTIDE
132,4116,PEPTIDE
133,777,PEPTIDE
134,139,PEPTIDE
135,385,PEPTIDE
136,2878,PEPTIDE
137,2548,PEPTIDE
139,515,PEPTIDE
140,2643,PEPTIDE
141,2433,PEPTIDE
142,994,PEPTIDE
143,2989,PEPTIDE
144,4429,PEPTIDE
145,1901,PEPTIDE
146,2236,PEPTIDE
147,1123,PEPTIDE
148,1010,PEPTIDE
149,2990,PEPTIDE
150,2995,PEPTIDE
151,4164,PEPTIDE
152,4170,PEPTIDE
154,4329,PEPTIDE
155,4627,PEPTIDE
156,4338,PEPTIDE
157,4357,PEPTIDE
159,4366,PEPTIDE
160,4379,PEPTIDE
161,4427,PEPTIDE
162,4483,PEPTIDE
163,4516,PEPTIDE
164,4514,PEPTIDE
165,4622,PEPTIDE
166,4236,ORGANIC
167,4241,ORGANIC
168,4242,ORGANIC
169,4245,ORGANIC
170,4229,ORGANIC
173,4220,ORGANIC
174,4221,ORGANIC
176,4223,ORGANIC
177,4224,ORGANIC
178,4225,ORGANIC
179,4226,ORGANIC
180,4187,ORGANIC
181,4188,ORGANIC
182,4189,ORGANIC
183,3244,ORGANIC
185,1076,ORGANIC
186,1344,ORGANIC
187,3196,ORGANIC
188,3645,ORGANIC
189,3495,ORGANIC
190,1319,ORGANIC
191,58,ORGANIC
192,1399,ORGANIC
193,4024,ORGANIC
194,768,ORGANIC
195,906,ORGANIC
196,1233,ORGANIC
197,2188,ORGANIC
201,787,ORGANIC
203,1533,ORGANIC
204,1316,ORGANIC
206,1687,ORGANIC
207,3267,ORGANIC
210,759,ORGANIC
211,1262,ORGANIC
213,3097,ORGANIC
214,334,ORGANIC
215,172,ORGANIC
216,1921,ORGANIC
217,3524,ORGANIC
218,3282,ORGANIC
219,1375,ORGANIC
220,357,ORGANIC
221,1745,ORGANIC
222,3637,ORGANIC
223,3353,ORGANIC
224,3229,ORGANIC
228,2487,ORGANIC
229,347,ORGANIC
230,1263,ORGANIC
231,3414,ORGANIC
232,3391,ORGANIC
233,2771,ORGANIC
234,769,ORGANIC
235,1906,ORGANIC
236,2835,ORGANIC
237,2328,ORGANIC
238,1334,ORGANIC
239,3150,ORGANIC
240,1241,ORGANIC
241,3242,ORGANIC
243,2153,ORGANIC
244,1994,ORGANIC
245,3508,ORGANIC
247,2640,ORGANIC
249,862,ORGANIC
250,1188,ORGANIC
252,2819,ORGANIC
253,1725,ORGANIC
254,1978,ORGANIC
255,26,ORGANIC
256,166,ORGANIC
257,1557,ORGANIC
258,163,ORGANIC
259,3628,ORGANIC
260,2058,ORGANIC
261,3401,ORGANIC
262,2259,ORGANIC
263,1550,ORGANIC
264,2670,ORGANIC
265,2715,ORGANIC
266,89,ORGANIC
267,54,ORGANIC
268,1653,ORGANIC
269,1562,ORGANIC
270,841,ORGANIC
271,195,ORGANIC
272,124,ORGANIC
273,2085,ORGANIC
274,2148,ORGANIC
275,2123,ORGANIC
276,346,ORGANIC
277,3505,ORGANIC
278,3355,ORGANIC
279,2415,ORGANIC
280,2049,ORGANIC
281,1497,ORGANIC
282,2231,ORGANIC
283,3460,ORGANIC
284,2784,ORGANIC
285,1485,ORGANIC
286,3058,ORGANIC
287,1243,ORGANIC
288,2416,ORGANIC
289,3442,ORGANIC
290,3428,ORGANIC
291,3410,ORGANIC
292,3344,ORGANIC
293,3256,ORGANIC
294,1087,ORGANIC
295,1496,ORGANIC
296,755,ORGANIC
297,3977,ORGANIC
298,2197,ORGANIC
299,1773,ORGANIC
300,1711,ORGANIC
301,2751,ORGANIC
302,2804,ORGANIC
303,2802,ORGANIC
304,3370,ORGANIC
305,3998,ORGANIC
306,2803,ORGANIC
307,3800,ORGANIC
308,1078,ORGANIC
309,168,ORGANIC
310,3290,ORGANIC
311,1004,ORGANIC
312,1361,ORGANIC
313,1293,ORGANIC
314,3474,ORGANIC
315,1501,ORGANIC
316,738,ORGANIC
317,1311,ORGANIC
318,1622,ORGANIC
319,3405,ORGANIC
320,65,ORGANIC
321,2738,ORGANIC
322,1310,ORGANIC
323,3995,ORGANIC
324,488,ORGANIC
325,3202,ORGANIC
326,2768,ORGANIC
327,3347,ORGANIC
328,2081,ORGANIC
329,3461,ORGANIC
330,2140,ORGANIC
331,1732,ORGANIC
333,931,ORGANIC
334,2566,ORGANIC
335,2854,ORGANIC
336,3118,ORGANIC
337,2069,ORGANIC
338,2131,ORGANIC
340,52,ORGANIC
341,22,ORGANIC
342,2128,ORGANIC
343,3389,ORGANIC
344,2149,ORGANIC
345,1394,ORGANIC
346,1290,ORGANIC
347,144,ORGANIC
348,1766,ORGANIC
349,1629,ORGANIC
350,1905,ORGANIC
351,2682,ORGANIC
352,1708,ORGANIC
353,3755,ORGANIC
354,470,ORGANIC
355,2050,ORGANIC
356,1710,ORGANIC
357,3396,ORGANIC
358,3056,ORGANIC
359,1966,ORGANIC
360,947,ORGANIC
361,3067,ORGANIC
363,3260,ORGANIC
364,76,ORGANIC
365,1341,ORGANIC
366,3666,ORGANIC
367,1377,ORGANIC
368,3013,ORGANIC
370,3640,ORGANIC
372,2305,ORGANIC
373,2076,ORGANIC
374,1647,ORGANIC
375,3402,ORGANIC
376,3381,ORGANIC
377,984,ORGANIC
378,934,ORGANIC
379,3094,ORGANIC
380,2002,ORGANIC
381,3775,ORGANIC
382,2059,ORGANIC
383,1072,ORGANIC
385,2713,ORGANIC
386,2010,ORGANIC
387,423,ORGANIC
388,3762,ORGANIC
390,2021,ORGANIC
391,2664,ORGANIC
392,665,ORGANIC
393,2255,ORGANIC
394,2065,ORGANIC
395,3632,ORGANIC
396,1384,ORGANIC
397,2695,ORGANIC
398,1726,ORGANIC
399,519,ORGANIC
400,358,ORGANIC
401,602,ORGANIC
402,1670,ORGANIC
403,3745,ORGANIC
404,175,ORGANIC
405,513,ORGANIC
406,891,ORGANIC
407,1920,ORGANIC
409,3705,ORGANIC
410,2676,ORGANIC
411,66,ORGANIC
412,3426,ORGANIC
413,1694,ORGANIC
414,1100,ORGANIC
415,3627,ORGANIC
416,24,ORGANIC
417,1151,ORGANIC
418,3354,ORGANIC
419,1754,ORGANIC
420,3679,ORGANIC
422,2144,ORGANIC
423,1080,ORGANIC
424,323,ORGANIC
425,3463,ORGANIC
426,2326,ORGANIC
427,1024,ORGANIC
428,586,ORGANIC
429,3587,ORGANIC
432,3814,ORGANIC
433,988,ORGANIC
434,1083,ORGANIC
435,3403,ORGANIC
436,2051,ORGANIC
437,2632,ORGANIC
438,3577,ORGANIC
439,3509,ORGANIC
440,2146,ORGANIC
441,1721,ORGANIC
442,1081,ORGANIC
443,1646,ORGANIC
444,811,ORGANIC
445,3607,ORGANIC
447,3710,ORGANIC
449,2876,ORGANIC
450,2836,ORGANIC
451,1960,ORGANIC
452,2189,ORGANIC
453,626,ORGANIC
454,1563,ORGANIC
455,2308,ORGANIC
456,2454,ORGANIC
457,1790,ORGANIC
458,3729,ORGANIC
459,1844,ORGANIC
460,1264,ORGANIC
461,3521,ORGANIC
462,3783,ORGANIC
467,1683,ORGANIC
468,2521,ORGANIC
469,3459,ORGANIC
470,2604,ORGANIC
471,3807,ORGANIC
472,2005,ORGANIC
474,3000,ORGANIC
475,71,ORGANIC
478,1680,ORGANIC
479,1549,ORGANIC
480,3703,ORGANIC
481,3103,ORGANIC
482,3682,ORGANIC
483,788,ORGANIC
485,4072,ORGANIC
486,3266,ORGANIC
488,1401,ORGANIC
489,2075,ORGANIC
490,737,ORGANIC
491,3140,ORGANIC
492,2659,ORGANIC
493,3772,ORGANIC
494,2133,ORGANIC
495,359,ORGANIC
496,3092,ORGANIC
498,2114,ORGANIC
499,3383,ORGANIC
500,2302,ORGANIC
502,1307,ORGANIC
503,3827,ORGANIC
504,2137,ORGANIC
505,2115,ORGANIC
506,1378,ORGANIC
508,1480,ORGANIC
509,1254,ORGANIC
510,3351,ORGANIC
511,1794,ORGANIC
512,1755,ORGANIC
513,2383,ORGANIC
514,1679,ORGANIC
515,3114,ORGANIC
516,1444,ORGANIC
517,1271,ORGANIC
518,1252,ORGANIC
519,845,ORGANIC
520,74,ORGANIC
521,2620,ORGANIC
522,2618,ORGANIC
524,2307,ORGANIC
525,2381,ORGANIC
526,2314,ORGANIC
527,3583,ORGANIC
528,2786,ORGANIC
529,2485,ORGANIC
530,96,ORGANIC
531,38,ORGANIC
532,2330,ORGANIC
533,3286,ORGANIC
534,1367,ORGANIC
535,1101,ORGANIC
536,3241,ORGANIC
537,990,ORGANIC
538,2462,ORGANIC
539,935,ORGANIC
540,3269,ORGANIC
541,1180,ORGANIC
542,773,ORGANIC
543,1691,ORGANIC
544,2486,ORGANIC
545,3454,ORGANIC
547,1028,ORGANIC
548,1774,ORGANIC
549,715,ORGANIC
550,618,ORGANIC
551,1494,ORGANIC
552,2155,ORGANIC
553,289,ORGANIC
554,3362,ORGANIC
555,3678,ORGANIC
556,3446,ORGANIC
557,3455,ORGANIC
558,1493,ORGANIC
559,1009,ORGANIC
561,2427,ORGANIC
562,3490,ORGANIC
563,194,ORGANIC
564,1624,ORGANIC
565,497,ORGANIC
566,1033,ORGANIC
567,752,ORGANIC
568,485,ORGANIC
569,162,ORGANIC
570,201,ORGANIC
571,3667,ORGANIC
572,2216,ORGANIC
573,2429,ORGANIC
574,2104,ORGANIC
575,46,ORGANIC
576,3235,ORGANIC
577,270,ORGANIC
578,861,ORGANIC
579,2288,ORGANIC
580,1161,ORGANIC
581,1117,ORGANIC
582,2792,ORGANIC
583,3808,ORGANIC
584,2139,ORGANIC
585,2638,ORGANIC
586,628,ORGANIC
587,3068,ORGANIC
588,1954,ORGANIC
590,2275,ORGANIC
591,884,ORGANIC
592,1506,ORGANIC
593,1418,ORGANIC
594,177,ORGANIC
595,2122,ORGANIC
597,3409,ORGANIC
598,666,ORGANIC
599,3293,ORGANIC
600,2686,ORGANIC
602,3033,ORGANIC
603,1309,ORGANIC
604,355,ORGANIC
605,84,ORGANIC
606,3051,ORGANIC
607,3536,ORGANIC
608,3189,ORGANIC
609,2589,ORGANIC
611,165,ORGANIC
612,1015,ORGANIC
613,463,ORGANIC
614,3437,ORGANIC
615,160,ORGANIC
617,1374,ORGANIC
618,3457,ORGANIC
619,3538,ORGANIC
620,1669,ORGANIC SALT
621,3049,ORGANIC
622,1792,ORGANIC
623,3671,ORGANIC
624,169,ORGANIC
625,3818,ORGANIC
626,3544,ORGANIC
627,3264,ORGANIC
628,3061,ORGANIC SALT
629,739,ORGANIC
630,1567,ORGANIC
632,3208,ORGANIC
633,3471,ORGANIC
634,1356,ORGANIC
635,291,ORGANIC
636,1950,ORGANIC
637,1811,ORGANIC
638,1336,ORGANIC
639,1740,ORGANIC
640,2551,ORGANIC
641,3272,ORGANIC
642,1342,ORGANIC
643,3411,ORGANIC
644,669,ORGANIC
645,873,ORGANIC
646,584,ORGANIC
647,3801,ORGANIC
648,2439,ORGANIC
649,1834,ORGANIC
651,3591,ORGANIC
652,1655,ORGANIC
653,835,ORGANIC
654,3110,ORGANIC
655,3066,ORGANIC
656,2621,ORGANIC
657,3298,ORGANIC
658,2476,ORGANIC
659,153,ORGANIC
660,1366,ORGANIC
662,64,ORGANIC
663,1758,ORGANIC
664,744,ORGANIC
665,2780,ORGANIC
667,1157,ORGANIC
668,1088,ORGANIC
669,2739,ORGANIC
670,1561,ORGANIC
671,1073,ORGANIC
673,2582,ORGANIC
674,838,ORGANIC
675,3621,ORGANIC
676,2126,ORGANIC
677,874,ORGANIC
678,3088,ORGANIC
679,1098,ORGANIC
680,3704,ORGANIC
682,2125,ORGANIC
683,3851,ORGANIC
684,1407,ORGANIC
685,3819,ORGANIC
686,2999,ORGANIC
688,1806,ORGANIC
689,3602,ORGANIC
691,2702,ORGANIC
692,1346,ORGANIC
693,1332,ORGANIC
694,3690,ORGANIC
695,636,ORGANIC
696,3340,ORGANIC
697,122,ORGANIC
698,2166,ORGANIC
699,304,ORGANIC
701,1397,ORGANIC
702,2277,ORGANIC
703,1814,ORGANIC
704,1168,ORGANIC
705,286,ORGANIC
706,2558,ORGANIC
707,2700,ORGANIC
708,3433,ORGANIC
709,232,ORGANIC
711,3369,ORGANIC
712,141,ORGANIC
713,3464,ORGANIC
714,1919,ORGANIC
715,1762,ORGANIC
716,1673,ORGANIC
717,2856,ORGANIC
718,1809,ORGANIC
719,2388,ORGANIC
720,1753,ORGANIC
721,1720,ORGANIC
722,1499,ORGANIC
723,914,ORGANIC
724,2808,ORGANIC
725,2233,ORGANIC
726,3707,ORGANIC
727,1664,ORGANIC
728,2872,ORGANIC
729,1141,ORGANIC
730,335,ORGANIC
731,449,ORGANIC
732,439,ORGANIC
734,106,ORGANIC
735,971,ORGANIC
736,3635,ORGANIC
737,3201,ORGANIC
738,3539,ORGANIC
739,3379,ORGANIC
740,2120,ORGANIC
741,1339,ORGANIC
742,282,ORGANIC
743,714,ORGANIC
744,611,ORGANIC
745,512,ORGANIC
748,1941,ORGANIC
749,3462,ORGANIC
750,156,ORGANIC
751,2497,ORGANIC
752,2505,ORGANIC
753,3848,ORGANIC
754,2151,ORGANIC
755,695,ORGANIC
756,2116,ORGANIC
757,1871,ORGANIC
758,3976,ORGANIC
759,2496,ORGANIC
760,167,ORGANIC
761,3620,ORGANIC
762,451,ORGANIC
763,1146,ORGANIC
764,2649,ORGANIC
765,3021,ORGANIC
766,30,ORGANIC
769,381,ORGANIC
770,3549,ORGANIC
771,1313,ORGANIC
772,484,ORGANIC
773,4062,ORGANIC
774,2283,ORGANIC
775,1244,ORGANIC
776,3541,ORGANIC
777,3624,ORGANIC
778,3815,ORGANIC
779,1704,ORGANIC
780,2267,ORGANIC
781,1695,ORGANIC
782,4040,ORGANIC
783,81,ORGANIC
784,339,ORGANIC
785,3225,ORGANIC
787,3638,ORGANIC
788,2055,ORGANIC
789,221,ORGANIC
790,1760,ORGANIC
791,1807,ORGANIC
792,126,ORGANIC
793,1997,ORGANIC
794,4006,ORGANIC
795,638,ORGANIC
796,1578,ORGANIC
797,447,ORGANIC
798,2265,ORGANIC
799,1722,ORGANIC
800,2117,ORGANIC
801,1411,ORGANIC
802,1119,ORGANIC
803,2272,ORGANIC
804,3767,ORGANIC
805,591,ORGANIC
806,3346,ORGANIC
807,898,ORGANIC
808,2130,ORGANIC
809,1843,ORGANIC
810,56,ORGANIC
811,3793,ORGANIC
813,3038,ORGANIC
814,1693,ORGANIC
815,3047,ORGANIC
816,2385,ORGANIC
817,1074,ORGANIC
818,578,ORGANIC
819,413,ORGANIC
820,1126,ORGANIC
821,1897,ORGANIC
822,3616,ORGANIC
823,3606,ORGANIC
824,414,ORGANIC
825,3795,ORGANIC
826,2478,ORGANIC
827,1107,ORGANIC
828,3849,ORGANIC
829,3448,ORGANIC
830,3380,ORGANIC
831,2829,ORGANIC
832,2556,ORGANIC
833,441,ORGANIC
834,1136,ORGANIC
835,1257,ORGANIC
836,212,ORGANIC
837,85,ORGANIC
838,1692,ORGANIC
839,3166,ORGANIC
840,2598,ORGANIC
841,2258,ORGANIC
843,3316,ORGANIC
846,226,ORGANIC
847,2322,ORGANIC
848,496,ORGANIC
849,1938,ORGANIC
850,2095,ORGANIC
851,184,ORGANIC
852,1791,ORGANIC
853,3773,ORGANIC
854,745,ORGANIC
855,2206,ORGANIC
856,107,ORGANIC
858,1952,ORGANIC
859,790,ORGANIC
860,909,ORGANIC
861,3736,ORGANIC
862,764,ORGANIC
863,3043,ORGANIC
864,2782,ORGANIC
865,3095,ORGANIC
866,2074,ORGANIC
867,3450,ORGANIC
868,3412,ORGANIC
869,2759,ORGANIC
870,2043,ORGANIC
871,1863,ORGANIC
873,1432,ORGANIC
874,1158,ORGANIC
875,2143,ORGANIC
876,2000,ORGANIC
877,3255,ORGANIC
878,1539,ORGANIC
879,3752,ORGANIC
880,2289,ORGANIC
881,2735,ORGANIC
882,158,ORGANIC
883,704,ORGANIC
884,1883,ORGANIC
885,2309,ORGANIC
886,1406,ORGANIC
887,854,ORGANIC
888,3952,ORGANIC
889,1735,ORGANIC
890,1490,ORGANIC
891,1150,ORGANIC
892,832,ORGANIC
893,1435,ORGANIC
894,171,ORGANIC
895,3567,ORGANIC
896,1039,ORGANIC
898,3796,ORGANIC
900,2134,ORGANIC
901,1875,ORGANIC
902,2691,ORGANIC
903,1644,ORGANIC
904,1828,ORGANIC
905,1672,ORGANIC
906,164,ORGANIC
908,3512,ORGANIC
909,3445,ORGANIC
910,3629,ORGANIC
912,77,ORGANIC
913,2492,ORGANIC
914,3280,ORGANIC
915,3319,ORGANIC
916,1767,ORGANIC
917,836,ORGANIC
918,1706,ORGANIC
919,1596,ORGANIC
921,2382,ORGANIC
922,3723,ORGANIC
923,1029,ORGANIC
924,1746,ORGANIC
925,3364,ORGANIC
926,2480,ORGANIC
927,3393,ORGANIC
928,1579,ORGANIC
929,2467,ORGANIC
930,2048,ORGANIC
932,2569,ORGANIC
933,3770,ORGANIC
934,206,ORGANIC
935,265,ORGANIC
936,2270,ORGANIC
937,3817,ORGANIC
938,1505,ORGANIC
940,869,ORGANIC
941,1369,ORGANIC
942,750,ORGANIC
943,489,ORGANIC
944,1741,ORGANIC
945,2862,ORGANIC
946,2631,ORGANIC
947,3053,ORGANIC
948,2271,ORGANIC
949,1568,ORGANIC
950,967,ORGANIC
951,3701,ORGANIC
952,504,ORGANIC
954,145,ORGANIC
955,2820,ORGANIC
956,3479,ORGANIC
957,3741,ORGANIC
958,1523,ORGANIC
959,3999,ORGANIC
960,2662,ORGANIC
961,1949,ORGANIC
962,3534,ORGANIC
963,3160,ORGANIC
965,49,ORGANIC
966,649,ORGANIC
967,3387,ORGANIC
968,1140,ORGANIC
969,3497,ORGANIC
970,2323,ORGANIC
971,3792,ORGANIC
972,2428,ORGANIC
973,1958,ORGANIC
974,1719,ORGANIC
975,1182,ORGANIC
976,1002,ORGANIC
977,3981,ORGANIC
978,1839,ORGANIC
979,1575,ORGANIC
980,1491,ORGANIC
981,105,ORGANIC
982,329,ORGANIC
983,435,ORGANIC
984,3125,ORGANIC
985,1194,ORGANIC
986,3656,ORGANIC
987,3840,ORGANIC
989,2199,ORGANIC
990,3681,ORGANIC
991,1429,ORGANIC
992,421,ORGANIC
993,3054,ORGANIC
994,743,ORGANIC
995,2132,ORGANIC
996,218,ORGANIC
998,2096,ORGANIC
999,3601,ORGANIC
1000,1747,ORGANIC
1001,2418,ORGANIC
1002,2612,ORGANIC
1004,3176,ORGANIC
1005,1663,ORGANIC
1006,1856,ORGANIC
1007,3794,ORGANIC
1008,328,ORGANIC
1010,3359,ORGANIC
1012,1154,ORGANIC
1013,1498,ORGANIC
1014,2633,ORGANIC
1015,3570,ORGANIC
1016,3163,ORGANIC
1017,694,ORGANIC
1018,1479,ORGANIC
1019,394,ORGANIC
1020,770,ORGANIC
1021,3582,ORGANIC
1022,1831,ORGANIC
1023,99,ORGANIC
1024,1251,ORGANIC
1025,2121,ORGANIC
1026,944,ORGANIC
1027,2373,ORGANIC
1028,25,ORGANIC
1029,3159,ORGANIC
1030,3810,ORGANIC
1031,1219,ORGANIC
1032,2164,ORGANIC
1033,1109,ORGANIC
1034,373,ORGANIC
1035,155,ORGANIC
1036,3343,ORGANIC
1037,3658,ORGANIC
1038,1487,ORGANIC
1039,690,ORGANIC
1040,229,ORGANIC
1042,3337,ORGANIC
1043,3517,ORGANIC
1044,2023,ORGANIC
1046,2173,ORGANIC
1047,3511,ORGANIC
1048,3297,ORGANIC
1049,2703,ORGANIC
1050,847,ORGANIC
1051,614,ORGANIC
1052,1343,ORGANIC
1053,1184,ORGANIC
1054,958,ORGANIC
1055,3382,ORGANIC
1056,264,ORGANIC
1057,1696,ORGANIC
1058,1615,ORGANIC
1059,1483,ORGANIC
1061,438,ORGANIC
1062,3418,ORGANIC
1063,3376,ORGANIC
1064,1808,ORGANIC
1065,1700,ORGANIC
1066,1345,ORGANIC
1067,3506,ORGANIC
1068,1003,ORGANIC
1069,2671,ORGANIC
1070,3908,ORGANIC
1071,1690,ORGANIC
1072,1526,ORGANIC
1073,3694,ORGANIC
1074,2744,ORGANIC
1075,1946,ORGANIC
1077,72,ORGANIC
1078,1014,ORGANIC
1079,782,ORGANIC
1080,3477,ORGANIC
1081,2176,ORGANIC
1082,430,ORGANIC
1083,3633,ORGANIC
1084,2332,ORGANIC
1085,112,ORGANIC
1086,3101,ORGANIC
1087,2524,ORGANIC
1088,1041,ORGANIC
1089,1027,ORGANIC
1090,3986,ORGANIC
1091,3713,ORGANIC
1092,137,ORGANIC
1093,324,ORGANIC
1094,880,ORGANIC
1095,1724,ORGANIC
1097,1987,ORGANIC
1098,2500,ORGANIC
1099,1360,ORGANIC
1100,1739,ORGANIC
1101,3693,ORGANIC
1102,1285,ORGANIC
1103,3789,ORGANIC
1104,2392,ORGANIC
1105,196,ORGANIC
1106,117,ORGANIC
1107,3731,ORGANIC
1108,4032,ORGANIC
1109,3657,ORGANIC
1110,772,ORGANIC
1111,2213,ORGANIC
1112,754,ORGANIC
1113,2795,ORGANIC
1114,222,ORGANIC
1115,2152,ORGANIC
1116,2017,ORGANIC
1117,645,ORGANIC
1118,3712,ORGANIC
1119,405,ORGANIC
1120,2329,ORGANIC
1121,2079,ORGANIC
1122,2728,ORGANIC
1123,3664,ORGANIC
1124,2514,ORGANIC
1125,3194,ORGANIC
1126,3847,ORGANIC
1127,1891,ORGANIC
1128,3756,ORGANIC
1129,3618,ORGANIC
1130,2683,ORGANIC
1131,2282,ORGANIC
1132,3728,ORGANIC
1133,1458,ORGANIC
1134,3102,ORGANIC
1135,976,ORGANIC
1136,1684,ORGANIC
1137,1528,ORGANIC
1138,1145,ORGANIC
1139,833,ORGANIC
1140,1803,ORGANIC
1141,1899,ORGANIC
1143,3560,ORGANIC
1144,2626,ORGANIC
1145,3884,ORGANIC
1146,225,ORGANIC
1147,3691,ORGANIC
1148,1277,ORGANIC
1149,2238,ORGANIC
1150,1529,ORGANIC
1152,2594,ORGANIC
1153,3706,ORGANIC
1154,3358,ORGANIC
1155,3597,ORGANIC
1156,2527,ORGANIC
1157,2692,ORGANIC
1158,2150,ORGANIC
1159,916,ORGANIC
1160,256,ORGANIC
1161,2762,ORGANIC
1162,900,ORGANIC
1163,697,ORGANIC
1164,686,ORGANIC
1165,209,ORGANIC
1166,1540,ORGANIC
1167,1484,ORGANIC
1168,3443,ORGANIC
1169,3173,ORGANIC
1170,3813,ORGANIC
1171,3739,ORGANIC
1172,3811,ORGANIC
1173,982,ORGANIC
1174,340,ORGANIC
1175,3278,ORGANIC
1176,3111,ORGANIC
1177,3091,ORGANIC
1178,3513,ORGANIC
1179,327,ORGANIC
1180,314,ORGANIC
1181,511,ORGANIC
1182,2699,ORGANIC
1183,1079,ORGANIC
1184,1656,ORGANIC
1185,1574,ORGANIC
1186,1787,ORGANIC
1187,1651,ORGANIC
1188,1454,ORGANIC
1189,45,ORGANIC
1190,2420,ORGANIC
1191,3906,ORGANIC
1192,627,ORGANIC
1193,2616,ORGANIC
1194,37,ORGANIC
1195,3338,ORGANIC
1196,3816,ORGANIC
1197,1089,ORGANIC
1198,2851,ORGANIC
1199,789,ORGANIC
1200,3106,ORGANIC
1201,1593,ORGANIC
1202,3363,ORGANIC
1203,3317,ORGANIC
1204,3120,ORGANIC
1205,2355,ORGANIC
1207,2303,ORGANIC
1209,2266,ORGANIC
1210,1022,ORGANIC
1211,275,ORGANIC
1212,684,ORGANIC
1213,3065,ORGANIC
1214,3265,ORGANIC
1215,3313,ORGANIC
1216,3605,ORGANIC
1217,3436,ORGANIC
1218,1866,ORGANIC
1219,2652,ORGANIC
1220,2546,ORGANIC
1221,509,ORGANIC
1222,1163,ORGANIC
1223,1430,ORGANIC
1224,2402,ORGANIC
1225,2032,ORGANIC
1226,1737,ORGANIC
1227,1421,ORGANIC
1228,758,ORGANIC
1229,2024,ORGANIC
1230,1197,ORGANIC
1231,322,ORGANIC
1232,3215,ORGANIC
1233,1373,ORGANIC
1234,1085,ORGANIC
1235,424,ORGANIC
1236,132,ORGANIC
1237,2438,ORGANIC
1238,2129,ORGANIC
1239,1738,ORGANIC
1240,3672,ORGANIC
1241,2698,ORGANIC
1242,634,ORGANIC
1243,657,ORGANIC
1244,3213,ORGANIC
1245,3824,ORGANIC
1246,1748,ORGANIC
1247,3686,ORGANIC
1249,3746,ORGANIC
1250,3279,ORGANIC
1251,1697,ORGANIC
1252,630,ORGANIC
1253,705,ORGANIC
1254,1283,ORGANIC
1255,3360,ORGANIC
1256,3288,ORGANIC
1257,1677,ORGANIC
1259,2711,ORGANIC
1260,445,ORGANIC
1261,2320,ORGANIC
1262,1971,ORGANIC
1263,3156,ORGANIC
1264,3718,ORGANIC
1265,2657,ORGANIC
1268,1476,ORGANIC
1269,2522,ORGANIC
1270,2510,ORGANIC
1271,2290,ORGANIC
1272,3192,ORGANIC
1273,2094,ORGANIC
1274,3595,ORGANIC
1275,2610,ORGANIC
1276,1796,ORGANIC
1277,3569,ORGANIC
1278,2483,ORGANIC
1279,3413,ORGANIC
1280,103,ORGANIC
1281,3805,ORGANIC
1282,2027,ORGANIC
1283,1816,ORGANIC
1284,224,ORGANIC
1285,2832,ORGANIC
1286,3787,ORGANIC
1287,596,ORGANIC
1288,3689,ORGANIC
1289,959,ORGANIC
1290,317,ORGANIC
1291,1904,ORGANIC
1292,870,ORGANIC
1293,3486,ORGANIC
1294,3044,ORGANIC
1295,2750,ORGANIC
1296,255,ORGANIC
1297,812,ORGANIC
1298,749,ORGANIC
1299,4025,ORGANIC
1300,2861,ORGANIC
1301,2818,ORGANIC
1302,90,ORGANIC
1303,2845,ORGANIC
1304,3059,ORGANIC
1305,2529,ORGANIC
1306,2520,ORGANIC
1307,228,ORGANIC
1308,506,ORGANIC
1309,1786,ORGANIC
1310,3680,ORGANIC
1311,2195,ORGANIC
1312,604,ORGANIC
1313,1930,ORGANIC
1314,3301,ORGANIC
1315,3310,ORGANIC
1316,4031,ORGANIC
1317,2098,ORGANIC
1318,839,ORGANIC
1319,2386,ORGANIC
1320,875,ORGANIC
1321,3845,ORGANIC
1322,1825,ORGANIC
1323,863,ORGANIC
1324,2295,ORGANIC
1325,1008,ORGANIC
1326,3835,ORGANIC
1327,2516,ORGANIC
1328,2393,ORGANIC
1330,1999,ORGANIC
1331,1852,ORGANIC
1332,840,ORGANIC
1333,369,ORGANIC
1334,2234,ORGANIC
1336,1552,ORGANIC
1337,1023,ORGANIC
1338,2512,ORGANIC
1339,2696,ORGANIC
1340,3188,ORGANIC
1341,1368,ORGANIC
1342,962,ORGANIC
1343,2701,ORGANIC
1344,3747,ORGANIC
1345,3334,ORGANIC
1346,816,ORGANIC
1347,693,ORGANIC
1348,605,ORGANIC
1349,1654,ORGANIC
1350,3427,ORGANIC
1351,53,ORGANIC
1352,3702,ORGANIC
1353,1253,ORGANIC
1354,189,ORGANIC
1355,1776,ORGANIC
1357,505,ORGANIC
1358,3134,ORGANIC
1359,3832,ORGANIC
1361,1900,ORGANIC
1362,842,ORGANIC
1364,3131,ORGANIC
1365,433,ORGANIC
1366,2868,ORGANIC
1367,1858,ORGANIC
1368,3661,ORGANIC
1369,2110,ORGANIC
1370,2464,ORGANIC
1371,1057,ORGANIC
1372,3153,ORGANIC
1373,2167,ORGANIC
1375,3384,ORGANIC
1378,2697,ORGANIC
1379,2007,ORGANIC
1381,2479,ORGANIC
1382,1826,ORGANIC
1383,2663,ORGANIC
1384,518,ORGANIC
1385,603,ORGANIC
1386,3636,ORGANIC
1388,3451,ORGANIC
1389,3179,ORGANIC
1391,2783,ORGANIC
1392,1879,ORGANIC
1393,2403,ORGANIC
1395,616,ORGANIC
1396,1448,RADIOPHARMACEUTICAL
1397,55,ORGANIC
1398,1928,ORGANIC
1399,70,ORGANIC
1400,3784,ORGANIC
1401,1379,ORGANIC
1402,1777,ORGANIC
1403,2159,ORGANIC
1404,3822,ORGANIC
1405,751,ORGANIC
1406,2299,ORGANIC
1407,253,ORGANIC
1408,1223,ORGANIC
1409,2156,ORGANIC
1410,3558,ORGANIC
1411,747,ORGANIC
1412,3588,ORGANIC
1413,1830,ORGANIC
1414,1643,ORGANIC
1415,3034,ORGANIC
1416,1097,ORGANIC
1417,622,ORGANIC
1418,3377,ORGANIC
1419,673,ORGANIC
1420,269,ORGANIC
1421,3750,ORGANIC
1422,1019,ORGANIC
1423,996,ORGANIC
1424,51,ORGANIC
1426,2813,ORGANIC
1427,1634,ORGANIC
1428,180,ORGANIC
1429,3206,ORGANIC
1430,2106,ORGANIC
1432,2718,ORGANIC
1433,3983,ORGANIC
1434,2099,ORGANIC
1435,2526,ORGANIC
1436,2502,ORGANIC
1437,3619,ORGANIC
1438,2311,ORGANIC
1439,804,ORGANIC
1440,3874,ORGANIC
1441,993,ORGANIC
1442,3154,ORGANIC
1443,2763,ORGANIC
1444,915,ORGANIC
1445,1276,ORGANIC
1446,675,ORGANIC
1447,42,ORGANIC
1448,639,ORGANIC
1450,2009,ORGANIC
1451,2357,ORGANIC
1452,3190,ORGANIC
1453,1855,ORGANIC
1454,1555,ORGANIC
1455,956,ORGANIC
1457,1159,ORGANIC
1458,2440,ORGANIC
1459,1576,ORGANIC
1460,1196,ORGANIC
1461,2519,ORGANIC
1462,2517,ORGANIC
1463,2515,ORGANIC
1464,2511,ORGANIC
1465,2138,ORGANIC
1466,1477,ORGANIC
1468,1398,ORGANIC
1469,3769,ORGANIC
1470,3291,ORGANIC
1471,3634,ORGANIC
1472,1427,ORGANIC
1473,1376,ORGANIC
1474,288,ORGANIC
1475,3323,ORGANIC
1477,1193,ORGANIC
1479,1945,ORGANIC
1480,2756,ORGANIC
1481,1442,ORGANIC
1483,3709,ORGANIC
1484,104,ORGANIC
1485,3466,ORGANIC
1486,2142,ORGANIC
1487,920,ORGANIC
1488,3652,ORGANIC
1489,2603,ORGANIC
1490,142,ORGANIC
1491,1925,ORGANIC
1492,303,ORGANIC
1493,3871,ORGANIC
1494,2812,ORGANIC
1496,223,ORGANIC
1497,1000,ORGANIC
1498,4086,ORGANIC SALT
1499,3400,ORGANIC
1500,2731,ORGANIC
1501,2387,ORGANIC
1502,2057,ORGANIC
1503,98,ORGANIC
1504,461,ORGANIC
1505,1560,ORGANIC
1506,2770,ORGANIC
1510,2775,ORGANIC
1511,2774,ORGANIC
1512,2568,ORGANIC
1513,2504,ORGANIC
1514,3070,ORGANIC
1515,1114,ORGANIC
1516,1763,ORGANIC
1517,366,ORGANIC
1518,3761,ORGANIC
1519,2286,ORGANIC
1520,2284,ORGANIC
1521,1620,ORGANIC
1522,1478,ORGANIC
1523,3082,ORGANIC
1524,2498,ORGANIC
1525,3447,ORGANIC
1526,1640,ORGANIC
1527,852,ORGANIC
1528,400,ORGANIC
1530,1203,ORGANIC
1531,1926,ORGANIC
1532,1556,ORGANIC
1533,1131,ORGANIC
1534,1845,ORGANIC
1535,1393,ORGANIC
1536,2268,ORGANIC
1537,1661,ORGANIC
1538,2331,ORGANIC
1539,2315,ORGANIC
1540,1507,ORGANIC
1541,3424,ORGANIC
1543,667,ORGANIC
1545,4115,ORGANIC
1546,1337,ORGANIC
1547,1333,ORGANIC
1548,2518,ORGANIC
1549,1898,ORGANIC
1550,34,ORGANIC
1551,1731,ORGANIC
1552,2642,ORGANIC
1553,215,ORGANIC
1554,2617,ORGANIC
1555,2831,ORGANIC
1556,2015,ORGANIC
1557,393,ORGANIC
1558,3227,ORGANIC
1559,1431,ORGANIC
1560,2592,ORGANIC
1561,1929,ORGANIC
1562,3574,ORGANIC
1563,2390,ORGANIC
1564,1272,ORGANIC
1565,1103,ORGANIC
1566,2869,ORGANIC
1567,1872,ORGANIC
1568,765,ORGANIC
1569,3480,ORGANIC
1570,2321,ORGANIC
1571,2276,ORGANIC
1572,763,ORGANIC
1573,620,ORGANIC
1574,3249,ORGANIC
1576,2209,ORGANIC
1577,3498,ORGANIC
1578,919,ORGANIC
1579,3187,ORGANIC
1580,1627,ORGANIC
1581,2127,ORGANIC
1582,3996,ORGANIC
1583,2607,ORGANIC
1584,1970,ORGANIC
1585,795,ORGANIC
1586,432,ORGANIC
1587,4,ORGANIC
1588,3348,ORGANIC
1589,1094,ORGANIC
1590,809,ORGANIC
1591,2614,ORGANIC
1592,3492,ORGANIC
1593,658,ORGANIC
1594,2570,ORGANIC
1595,95,ORGANIC
1596,3826,ORGANIC
1597,1402,ORGANIC
1598,260,ORGANIC
1599,3296,ORGANIC
1600,3692,ORGANIC
1602,974,ORGANIC
1603,486,ORGANIC
1604,301,ORGANIC
1605,3631,ORGANIC
1606,2343,ORGANIC
1607,1913,ORGANIC
1608,585,ORGANIC
1609,606,ORGANIC
1610,629,ORGANIC
1611,3778,ORGANIC
1612,2755,ORGANIC
1613,2273,ORGANIC
1614,1020,ORGANIC
1615,2540,ORGANIC
1616,1380,ORGANIC
1617,3802,ORGANIC
1618,2489,ORGANIC
1619,268,ORGANIC
1620,3927,ORGANIC
1621,214,ORGANIC
1622,1698,ORGANIC
1623,499,ORGANIC
1624,1583,ORGANIC
1625,3561,ORGANIC
1626,295,ORGANIC
1627,3186,ORGANIC
1628,1132,ORGANIC
1629,3419,ORGANIC
1630,3216,ORGANIC
1631,757,ORGANIC
1632,431,ORGANIC
1633,448,ORGANIC
1634,2111,ORGANIC
1635,2078,ORGANIC
1636,2597,ORGANIC
1637,1675,ORGANIC
1638,1591,ORGANIC
1639,2871,ORGANIC
1640,3052,ORGANIC
1641,395,ORGANIC
1642,710,ORGANIC
1643,987,ORGANIC
1644,3596,ORGANIC
1645,3026,ORGANIC
1646,520,ORGANIC
1647,3766,ORGANIC
1648,148,ORGANIC
1649,903,ORGANIC
1650,3430,ORGANIC
1651,2013,ORGANIC
1652,1992,ORGANIC
1653,210,ORGANIC
1654,3487,ORGANIC
1655,3055,ORGANIC
1656,181,ORGANIC
1657,2169,ORGANIC
1658,3725,ORGANIC
1659,2324,ORGANIC
1660,2235,ORGANIC
1661,455,ORGANIC
1662,420,ORGANIC
1663,1618,ORGANIC
1664,3322,ORGANIC
1665,83,ORGANIC
1666,2513,ORGANIC
1667,2499,ORGANIC
1668,2779,ORGANIC
1669,129,ORGANIC
1670,3205,ORGANIC
1671,3496,ORGANIC
1672,2294,ORGANIC
1673,3170,ORGANIC
1674,2824,ORGANIC
1675,1975,ORGANIC
1676,2758,ORGANIC
1677,902,ORGANIC
1678,3550,ORGANIC
1679,2465,ORGANIC
1680,2647,ORGANIC
1681,1056,ORGANIC
1682,417,ORGANIC
1683,3270,ORGANIC
1684,3011,ORGANIC
1685,1936,ORGANIC
1686,1641,ORGANIC
1687,1439,ORGANIC
1688,3748,ORGANIC
1689,1054,ORGANIC
1690,856,ORGANIC
1691,2543,ORGANIC
1692,3735,ORGANIC
1693,2263,ORGANIC
1694,1969,ORGANIC
1695,3468,ORGANIC
1696,2605,ORGANIC
1697,2220,ORGANIC
1698,951,ORGANIC
1699,892,ORGANIC
1700,609,ORGANIC
1701,608,ORGANIC
1702,3566,ORGANIC
1703,1650,ORGANIC
1704,865,ORGANIC
1705,2743,ORGANIC
1706,3022,ORGANIC
1708,3743,ORGANIC
1709,2301,ORGANIC
1710,1324,ORGANIC
1711,315,ORGANIC
1712,1122,ORGANIC
1713,1082,ORGANIC
1714,2046,ORGANIC
1715,170,ORGANIC
1717,2327,ORGANIC
1718,1742,ORGANIC
1719,928,ORGANIC
1720,1147,ORGANIC
1721,3177,ORGANIC
1722,1892,ORGANIC
1723,2764,ORGANIC
1724,1409,ORGANIC
1725,1315,ORGANIC
1726,3295,ORGANIC
1727,3615,ORGANIC
1728,972,ORGANIC
1729,3169,ORGANIC
1730,1385,ORGANIC
1731,182,ORGANIC
1732,1781,ORGANIC
1733,2202,ORGANIC
1734,1907,ORGANIC
1735,2858,ORGANIC
1736,245,ORGANIC
1737,3434,ORGANIC
1738,487,ORGANIC
1739,1812,ORGANIC
1740,2196,ORGANIC
1741,3345,ORGANIC
1742,1965,ORGANIC
1743,1962,ORGANIC
1744,319,ORGANIC
1745,2749,ORGANIC
1746,872,ORGANIC
1747,3527,ORGANIC
1748,2404,ORGANIC
1749,1426,ORGANIC
1750,1785,ORGANIC
1751,1386,ORGANIC
1752,725,ORGANIC
1753,1976,ORGANIC
1754,2628,ORGANIC
1755,2045,ORGANIC
1756,3622,ORGANIC
1757,594,ORGANIC
1758,1782,ORGANIC
1759,2572,ORGANIC
1760,491,ORGANIC
1761,266,ORGANIC
1762,2606,ORGANIC
1763,3862,ORGANIC
1764,3390,ORGANIC
1765,3204,ORGANIC
1766,2722,ORGANIC
1767,1734,ORGANIC
1768,1508,ORGANIC
1769,1095,ORGANIC
1770,125,ORGANIC
1771,2585,ORGANIC
1772,682,ORGANIC
1773,1099,ORGANIC
1774,3717,ORGANIC
1775,593,ORGANIC
1776,3037,ORGANIC
1777,1488,ORGANIC
1778,2034,ORGANIC
1779,1510,ORGANIC
1780,937,ORGANIC
1781,886,ORGANIC
1782,13,ORGANIC
1783,2579,ORGANIC
1784,2745,ORGANIC
1785,383,ORGANIC
1786,311,ORGANIC
1787,1047,ORGANIC
1788,3514,ORGANIC
1789,1988,ORGANIC
1790,1362,ORGANIC
1791,2602,ORGANIC
1792,1181,ORGANIC
1793,1637,ORGANIC
1794,3670,ORGANIC
1795,1238,ORGANIC
1796,1026,ORGANIC
1797,999,ORGANIC
1798,1902,ORGANIC
1799,3406,ORGANIC
1800,3356,ORGANIC
1801,3174,ORGANIC
1802,1961,ORGANIC
1803,1743,ORGANIC
1804,2736,ORGANIC
1805,1190,ORGANIC
1806,412,ORGANIC
1807,1071,ORGANIC
1808,3791,ORGANIC
1811,1195,ORGANIC
1812,2184,ORGANIC
1813,2424,ORGANIC
1814,1155,ORGANIC
1815,723,ORGANIC
1816,3642,ORGANIC
1818,2208,ORGANIC
1819,691,ORGANIC
1820,2136,ORGANIC
1821,617,ORGANIC
1822,588,ORGANIC
1823,4050,ORGANIC
1825,1215,ORGANIC
1826,3565,ORGANIC
1827,2665,ORGANIC
1828,2348,ORGANIC
1829,3342,ORGANIC
1830,3341,ORGANIC
1831,1733,ORGANIC
1833,3083,ORGANIC
1834,3716,ORGANIC
1835,615,ORGANIC
1837,864,ORGANIC
1838,800,ORGANIC
1839,1633,ORGANIC
1840,1678,ORGANIC
1841,1018,ORGANIC
1843,2857,ORGANIC
1845,582,ORGANIC
1846,418,ORGANIC
1847,261,ORGANIC
1848,3064,ORGANIC
1849,681,ORGANIC
1850,1915,ORGANIC
1851,1153,ORGANIC
1852,2436,ORGANIC
1853,1187,ORGANIC
1854,44,ORGANIC
1855,3247,ORGANIC
1856,3438,ORGANIC
1857,2296,ORGANIC
1858,2408,ORGANIC
1859,2011,ORGANIC
1860,3050,ORGANIC
1861,2800,ORGANIC
1862,2264,ORGANIC
1863,2222,ORGANIC
1864,3181,ORGANIC
1865,3042,ORGANIC
1866,1943,ORGANIC
1867,1312,ORGANIC
1868,3892,ORGANIC
1869,3836,ORGANIC
1870,1405,ORGANIC
1871,422,ORGANIC
1872,1853,ORGANIC
1873,3579,ORGANIC
1874,2870,ORGANIC
1875,3617,ORGANIC
1876,4079,ORGANIC
1877,3675,ORGANIC
1878,442,ORGANIC
1879,356,ORGANIC
1880,333,ORGANIC
1881,858,ORGANIC
1882,857,ORGANIC
1883,3476,ORGANIC
1884,3572,ORGANIC
1886,1935,ORGANIC
1887,2847,ORGANIC
1889,3532,ORGANIC
1890,1924,ORGANIC
1891,2787,ORGANIC
1892,2145,ORGANIC
1893,1292,ORGANIC
1894,3771,ORGANIC
1895,3016,ORGANIC
1896,1434,ORGANIC
1897,2175,ORGANIC
1899,136,ORGANIC
1900,159,ORGANIC
1901,1209,ORGANIC
1902,1321,ORGANIC
1903,2506,ORGANIC
1904,3724,ORGANIC
1905,1865,ORGANIC
1906,1779,ORGANIC
1907,3158,ORGANIC
1908,187,ORGANIC
1909,3881,ORGANIC
1910,1530,ORGANIC
1911,1728,ORGANIC
1912,1495,ORGANIC
1914,313,ORGANIC
1915,1780,ORGANIC
1916,868,ORGANIC
1917,3086,ORGANIC
1918,2163,ORGANIC
1919,2503,ORGANIC
1920,2501,ORGANIC
1921,2719,ORGANIC
1922,3079,ORGANIC
1923,370,ORGANIC
1924,1714,ORGANIC
1925,1291,ORGANIC
1926,1688,ORGANIC
1927,818,ORGANIC
1928,1623,ORGANIC
1929,740,ORGANIC
1930,123,ORGANIC
1931,814,ORGANIC
1932,1877,ORGANIC
1933,453,ORGANIC
1934,2694,ORGANIC
1935,1717,ORGANIC
1936,3243,ORGANIC
1937,3220,ORGANIC
1938,871,ORGANIC
1939,94,ORGANIC
1940,149,ORGANIC
1941,3730,ORGANIC
1942,374,ORGANIC
1943,3325,ORGANIC
1944,2334,ORGANIC
1945,3493,ORGANIC
1946,246,ORGANIC
1947,1410,ORGANIC
1949,2001,ORGANIC
1950,2241,ORGANIC
1951,1329,ORGANIC
1952,3268,ORGANIC
1953,1982,ORGANIC
1955,2655,ORGANIC
1956,1572,ORGANIC
1957,1084,ORGANIC
1958,975,ORGANIC
1959,803,ORGANIC
1960,1086,ORGANIC
1961,1597,ORGANIC
1962,1202,ORGANIC
1963,1186,ORGANIC
1964,310,ORGANIC
1965,3207,ORGANIC
1966,3027,ORGANIC
1967,2361,ORGANIC
1968,2030,ORGANIC
1969,1438,ORGANIC
1970,1144,ORGANIC
1971,612,ORGANIC
1972,191,ORGANIC
1973,780,ORGANIC
1974,3472,ORGANIC
1975,2397,ORGANIC
1976,2799,ORGANIC
1977,2523,ORGANIC
1978,2358,ORGANIC
1979,1756,ORGANIC
1980,4109,ORGANIC
1982,2279,ORGANIC
1983,3557,ORGANIC
1984,2105,ORGANIC
1985,711,ORGANIC
1986,1381,ORGANIC
1987,701,ORGANIC
1988,3326,ORGANIC
1990,2029,ORGANIC
1991,120,ORGANIC
1992,2317,ORGANIC
1994,1818,ORGANIC
1995,4114,ORGANIC
1996,1148,ORGANIC
1997,3416,ORGANIC
1998,2407,ORGANIC
1999,3630,ORGANIC
2000,989,ORGANIC
2001,1249,ORGANIC
2002,703,ORGANIC
2003,1165,ORGANIC
2004,3714,ORGANIC
2005,623,ORGANIC
2006,2087,ORGANIC
2007,399,ORGANIC
2008,1137,ORGANIC
2009,2672,ORGANIC
2010,4061,ORGANIC
2012,440,ORGANIC
2013,2256,ORGANIC
2014,468,ORGANIC
2015,1933,ORGANIC
2016,2863,ORGANIC
2018,2038,ORGANIC
2019,806,ORGANIC
2021,237,ORGANIC
2022,2609,ORGANIC
2023,1886,ORGANIC
2024,444,ORGANIC
2025,1371,ORGANIC
2026,188,ORGANIC
2027,1652,ORGANIC
2028,2070,ORGANIC
2029,2135,ORGANIC
2030,1230,ORGANIC
2031,1757,ORGANIC
2032,2687,ORGANIC SALT
2033,2031,ORGANIC
2034,3025,ORGANIC
2035,2660,ORGANIC
2036,997,ORGANIC
2037,2737,ORGANIC
2038,2666,ORGANIC
2039,718,ORGANIC
2040,621,ORGANIC
2041,1404,ORGANIC
2042,830,ORGANIC
2043,408,ORGANIC
2044,1967,ORGANIC
2046,2019,ORGANIC
2047,1021,ORGANIC
2049,3122,ORGANIC
2050,3979,ORGANIC
2051,607,ORGANIC
2052,1820,ORGANIC
2054,1013,ORGANIC
2055,1860,ORGANIC
2056,3193,ORGANIC
2058,1169,ORGANIC
2059,860,ORGANIC
2060,472,ORGANIC
2061,2667,ORGANIC
2062,1606,ORGANIC
2063,1598,ORGANIC
2064,503,ORGANIC
2065,1128,ORGANIC
2066,3257,ORGANIC
2067,2119,ORGANIC
2069,883,ORGANIC
2070,708,ORGANIC
2071,4074,ORGANIC
2073,3121,ORGANIC
2074,1522,ORGANIC
2075,2860,ORGANIC
2076,3271,ORGANIC
2077,1707,ORGANIC
2078,231,ORGANIC
2079,377,ORGANIC
2080,3112,ORGANIC
2081,589,ORGANIC
2082,1701,ORGANIC
2083,899,ORGANIC
2084,1299,ORGANIC
2085,3453,ORGANIC
2086,3046,ORGANIC
2087,637,ORGANIC
2088,2190,ORGANIC
2089,653,ORGANIC
2090,1621,ORGANIC
2091,3614,ORGANIC
2092,746,ORGANIC
2093,2040,ORGANIC
2094,2766,ORGANIC
2095,1256,ORGANIC
2096,991,ORGANIC
2097,2798,ORGANIC
2099,3931,ORGANIC
2100,3674,ORGANIC
2101,2036,ORGANIC
2102,929,ORGANIC
2103,3386,ORGANIC
2104,1053,ORGANIC
2105,663,ORGANIC
2106,57,ORGANIC
2107,3646,ORGANIC
2108,2346,ORGANIC
2109,949,ORGANIC
2110,1110,ORGANIC
2111,850,ORGANIC
2112,3651,ORGANIC
2113,2240,ORGANIC
2114,481,ORGANIC
2115,1042,ORGANIC
2116,1648,ORGANIC
2117,380,ORGANIC
2118,1419,ORGANIC
2119,1069,ORGANIC
2121,781,ORGANIC
2122,2705,ORGANIC
2123,1802,ORGANIC
2124,672,ORGANIC
2125,1940,ORGANIC
2127,426,ORGANIC
2128,3392,ORGANIC
2129,3366,ORGANIC
2130,78,ORGANIC
2131,889,ORGANIC
2132,100,ORGANIC
2133,2627,ORGANIC
2134,73,ORGANIC
2135,50,ORGANIC
2136,2285,ORGANIC
2137,428,ORGANIC
2138,3742,ORGANIC
2139,3040,ORGANIC
2140,940,ORGANIC
2141,722,ORGANIC
2142,1912,ORGANIC
2143,3318,ORGANIC
2144,2714,ORGANIC
2145,1878,ORGANIC
2147,3149,ORGANIC
2148,877,ORGANIC
2149,298,ORGANIC
2150,1959,ORGANIC
2151,454,ORGANIC
2152,2641,ORGANIC
2153,173,ORGANIC
2154,3519,ORGANIC
2155,696,ORGANIC
2156,1613,ORGANIC
2157,896,ORGANIC
2158,1531,ORGANIC
2159,894,ORGANIC
2160,2651,ORGANIC
2161,1586,ORGANIC
2162,2545,ORGANIC
2163,1752,ORGANIC
2164,4023,ORGANIC
2166,2372,ORGANIC
2167,2477,ORGANIC
2168,635,ORGANIC
2169,2016,ORGANIC
2170,712,ORGANIC
2171,978,ORGANIC
2172,1944,ORGANIC
2173,1199,ORGANIC
2174,3212,ORGANIC
2175,2068,ORGANIC
2176,2746,ORGANIC
2177,390,ORGANIC
2178,213,ORGANIC
2179,2261,ORGANIC
2180,707,ORGANIC
2181,1220,ORGANIC
2182,1626,ORGANIC
2183,3422,ORGANIC
2184,2025,ORGANIC
2185,1823,ORGANIC
2188,820,ORGANIC
2189,796,ORGANIC
2190,3737,ORGANIC
2192,1413,ORGANIC
2193,2678,ORGANIC
2194,2596,MIXTURE
2195,1258,ORGANIC
2196,592,ORGANIC
2197,2658,ORGANIC
2198,1392,ORGANIC
2200,659,ORGANIC
2201,2210,ORGANIC
2202,2318,ORGANIC
2204,3821,ORGANIC
2205,1955,ORGANIC
2206,3449,ORGANIC
2207,2875,ORGANIC
2208,3136,ORGANIC
2210,1207,ORGANIC SALT
2211,2859,ORGANIC
2212,2468,ORGANIC
2213,3662,ORGANIC
2214,2022,ORGANIC
2215,1475,ORGANIC
2216,2033,ORGANIC
2217,133,ORGANIC
2218,397,ORGANIC
2219,2071,ORGANIC
2220,3168,ORGANIC
2221,494,ORGANIC
2222,808,ORGANIC
2223,2772,ORGANIC
2225,401,ORGANIC
2226,404,ORGANIC
2227,1819,ORGANIC
2229,2615,ORGANIC
2230,2171,ORGANIC
2231,2082,ORGANIC
2232,2281,ORGANIC
2233,2484,ORGANIC
2234,1143,ORGANIC
2235,2278,ORGANIC
2236,1608,ORGANIC
2237,1509,ORGANIC
2238,3559,ORGANIC
2239,1884,ORGANIC
2240,128,ORGANIC
2241,2018,ORGANIC
2242,3798,ORGANIC
2243,3167,ORGANIC
2244,2204,ORGANIC
2245,1395,ORGANIC
2246,1931,ORGANIC
2247,867,ORGANIC
2248,40,ORGANIC
2249,1210,ORGANIC
2250,1164,ORGANIC
2251,459,ORGANIC
2252,1927,ORGANIC
2253,2788,ORGANIC
2254,1584,ORGANIC
2255,3162,ORGANIC
2256,2595,ORGANIC
2258,3494,ORGANIC
2259,2064,ORGANIC
2260,1986,ORGANIC
2261,1129,ORGANIC
2262,3127,ORGANIC
2264,779,ORGANIC
2265,161,ORGANIC
2266,1160,ORGANIC
2267,2536,ORGANIC
2268,1162,ORGANIC
2269,3429,ORGANIC
2270,1416,ORGANIC
2271,1588,ORGANIC
2272,2207,ORGANIC
2273,625,ORGANIC
2275,398,ORGANIC
2276,524,ORGANIC
2277,1829,ORGANIC
2278,2706,ORGANIC
2279,2056,ORGANIC
2281,2848,ORGANIC
2282,2053,ORGANIC
2283,2191,ORGANIC
2284,1876,ORGANIC
2285,1764,ORGANIC
2286,1573,ORGANIC
2287,844,ORGANIC
2288,2310,ORGANIC
2289,926,ORGANIC
2291,2100,ORGANIC
2292,2395,ORGANIC
2293,3277,ORGANIC
2294,1778,ORGANIC
2295,2205,ORGANIC
2297,2090,ORGANIC
2298,2226,ORGANIC
2299,2062,ORGANIC
2300,1736,ORGANIC
2301,1689,ORGANIC
2303,1963,ORGANIC
2304,478,ORGANIC
2305,3740,ORGANIC
2306,2601,ORGANIC
2307,2298,ORGANIC
2308,1616,ORGANIC
2309,1657,ORGANIC
2310,904,ORGANIC
2311,2093,ORGANIC
2312,3855,ORGANIC
2313,4003,ORGANIC
2314,3144,ORGANIC
2315,1765,ORGANIC
2316,3781,ORGANIC
2317,1149,ORGANIC
2318,2537,ORGANIC
2319,1577,ORGANIC
2320,632,ORGANIC
2321,2291,ORGANIC
2322,3715,ORGANIC
2324,1628,ORGANIC
2325,1536,ORGANIC
2326,1535,ORGANIC
2328,3546,ORGANIC
2329,1667,ORGANIC
2330,1226,ORGANIC
2331,1102,ORGANIC
2332,2729,ORGANIC
2334,69,ORGANIC
2335,859,ORGANIC
2336,717,ORGANIC
2337,671,ORGANIC
2338,406,ORGANIC
2339,1534,ORGANIC
2341,2542,ORGANIC
2342,1239,ORGANIC
2343,2165,ORGANIC
2344,1237,ORGANIC
2345,2026,ORGANIC
2346,1662,ORGANIC
2347,1659,ORGANIC
2348,3625,ORGANIC
2349,719,ORGANIC
2350,3623,ORGANIC
2351,3912,ORGANIC
2352,1686,ORGANIC
2353,2723,ORGANIC
2354,1990,ORGANIC
2355,1055,ORGANIC
2356,360,ORGANIC
2357,706,ORGANIC
2358,1749,ORGANIC
2359,1922,ORGANIC
2360,1227,ORGANIC
2362,292,ORGANIC
2363,619,ORGANIC
2364,92,ORGANIC
2365,3007,ORGANIC
2366,1867,ORGANIC
2367,2493,ORGANIC
2368,571,ORGANIC
2369,1139,ORGANIC
2370,3685,ORGANIC
2371,1443,ORGANIC
2372,3104,ORGANIC
2373,998,ORGANIC
2374,3556,ORGANIC
2375,1006,ORGANIC
2376,2708,ORGANIC
2378,82,ORGANIC
2380,1446,ORGANIC
2381,361,ORGANIC
2382,3765,ORGANIC
2383,2039,ORGANIC
2384,3197,ORGANIC
2385,955,ORGANIC
2386,3108,ORGANIC
2387,2463,ORGANIC
2388,721,ORGANIC
2389,2846,ORGANIC
2390,3711,ORGANIC
2392,576,ORGANIC
2393,198,ORGANIC
2394,921,ORGANIC
2395,580,ORGANIC
2396,1603,ORGANIC
2397,267,ORGANIC
2399,2083,ORGANIC
2400,365,ORGANIC
2401,3161,ORGANIC
2403,2828,ORGANIC
2404,3287,ORGANIC
2405,1594,ORGANIC
2406,307,ORGANIC
2407,3785,ORGANIC
2408,1676,ORGANIC
2409,2200,ORGANIC
2410,1025,ORGANIC
2411,922,ORGANIC
2412,3580,ORGANIC
2413,2194,ORGANIC
2414,2571,ORGANIC
2415,3435,ORGANIC
2416,93,ORGANIC
2417,3573,ORGANIC
2418,2742,ORGANIC
2419,676,ORGANIC
2420,1034,ORGANIC
2421,913,ORGANIC
2422,3023,ORGANIC
2423,1007,ORGANIC
2424,220,ORGANIC
2425,3823,ORGANIC
2426,1348,ORGANIC
2427,1331,ORGANIC
2428,48,ORGANIC
2431,3733,ORGANIC
2432,1775,ORGANIC
2433,1849,ORGANIC
2434,1729,ORGANIC
2435,1571,ORGANIC
2436,1500,ORGANIC
2437,446,ORGANIC
2438,1417,ORGANIC
2439,2344,ORGANIC
2440,43,ORGANIC
2441,2801,ORGANIC
2442,3439,ORGANIC
2443,1492,ORGANIC
2444,2432,ORGANIC
2445,3659,ORGANIC
2446,3643,ORGANIC
2447,3275,ORGANIC
2448,3024,ORGANIC
2449,2185,ORGANIC
2450,320,ORGANIC
2451,2541,ORGANIC
2452,912,ORGANIC
2453,138,ORGANIC
2454,1116,ORGANIC
2455,1038,ORGANIC
2456,3529,ORGANIC
2457,2853,ORGANIC
2458,2367,ORGANIC
2459,2490,ORGANIC
2460,1837,ORGANIC
2461,325,ORGANIC
2462,3843,ORGANIC
2463,2221,ORGANIC
2464,2653,ORGANIC
2465,186,ORGANIC
2466,3032,ORGANIC
2467,2192,ORGANIC
2468,2624,ORGANIC
2469,2534,ORGANIC
2471,1908,ORGANIC
2472,2179,ORGANIC
2473,1383,ORGANIC
2474,2341,ORGANIC
2475,1064,ORGANIC
2476,948,ORGANIC
2477,3841,ORGANIC
2478,284,ORGANIC
2479,970,ORGANIC
2480,2704,ORGANIC
2481,1070,ORGANIC
2482,462,ORGANIC
2483,647,ORGANIC
2484,2405,ORGANIC
2485,1874,ORGANIC
2486,2028,ORGANIC
2487,656,ORGANIC
2488,1440,ORGANIC
2489,698,ORGANIC
2490,2437,ORGANIC
2491,598,ORGANIC
2492,302,ORGANIC
2493,2253,ORGANIC
2494,1512,ORGANIC
2495,646,ORGANIC
2496,640,ORGANIC
2497,905,ORGANIC
2498,477,ORGANIC
2500,3744,ORGANIC
2501,1113,ORGANIC
2502,480,ORGANIC
2503,2141,ORGANIC
2504,1330,ORGANIC
2506,3421,ORGANIC
2507,2350,ORGANIC
2508,3123,ORGANIC
2509,483,ORGANIC
2510,2734,ORGANIC
2511,1759,ORGANIC
2512,1947,ORGANIC
2513,6,ORGANIC
2514,1864,ORGANIC
2515,2245,ORGANIC
2516,734,ORGANIC
2517,111,ORGANIC
2518,458,ORGANIC
2519,1422,ORGANIC
2520,965,ORGANIC
2521,3078,ORGANIC
2522,1092,ORGANIC
2523,1152,ORGANIC
2524,3456,ORGANIC
2525,1981,ORGANIC
2526,1569,ORGANIC
2527,375,ORGANIC
2528,1355,ORGANIC
2530,1718,ORGANIC
2531,3098,ORGANIC
2532,3395,ORGANIC
2533,2260,ORGANIC
2534,362,ORGANIC
2535,1247,ORGANIC
2536,2157,ORGANIC
2537,2201,ORGANIC
2538,3525,ORGANIC
2539,1388,ORGANIC
2540,2457,ORGANIC
2541,831,ORGANIC
2543,2821,ORGANIC
2544,1793,ORGANIC
2545,526,ORGANIC
2546,2412,ORGANIC
2547,2557,ORGANIC
2548,1993,ORGANIC
2549,3314,ORGANIC
2550,1106,ORGANIC
2551,853,ORGANIC
2552,2124,ORGANIC
2553,427,ORGANIC
2554,753,ORGANIC
2555,2732,ORGANIC
2556,2342,ORGANIC
2557,3019,ORGANIC
2558,3833,ORGANIC
2559,716,ORGANIC
2560,1189,ORGANIC
2561,3109,ORGANIC
2562,557,ORGANIC
2563,192,ORGANIC
2564,121,ORGANIC
2565,514,ORGANIC
2566,2107,ORGANIC
2567,2752,ORGANIC
2568,677,ORGANIC
2569,1783,ORGANIC
2570,1433,ORGANIC
2572,762,ORGANIC
2574,3961,ORGANIC
2575,1298,ORGANIC
2576,968,ORGANIC
2577,2170,ORGANIC
2578,342,ORGANIC
2579,258,ORGANIC
2580,2215,ORGANIC
2581,911,ORGANIC
2582,285,ORGANIC
2583,2679,ORGANIC
2584,3441,ORGANIC
2585,3222,ORGANIC
2586,2300,ORGANIC
2587,388,ORGANIC
2588,525,ORGANIC
2589,3502,ORGANIC
2590,849,ORGANIC
2591,3722,ORGANIC
2592,2108,ORGANIC
2593,2333,ORGANIC
2594,4049,ORGANIC
2595,2293,ORGANIC
2596,502,ORGANIC
2597,654,ORGANIC
2598,3080,ORGANIC
2599,1525,ORGANIC
2600,3211,ORGANIC
2601,1177,ORGANIC
2602,1547,ORGANIC
2603,61,ORGANIC
2604,2757,ORGANIC
2605,425,ORGANIC
2606,644,ORGANIC
2607,179,ORGANIC
2608,1968,ORGANIC
2609,923,ORGANIC
2610,2230,ORGANIC
2611,2760,ORGANIC
2612,1173,ORGANIC
2613,2063,ORGANIC
2614,3115,ORGANIC
2616,3175,ORGANIC
2617,1957,ORGANIC
2618,3415,ORGANIC
2619,2384,ORGANIC
2620,3782,ORGANIC
2621,2637,ORGANIC
2622,2360,ORGANIC
2623,278,ORGANIC
2624,1607,ORGANIC
2625,2365,ORGANIC
2626,27,ORGANIC
2627,1889,ORGANIC
2628,1511,ORGANIC
2629,185,ORGANIC
2630,2561,ORGANIC
2631,243,ORGANIC
2632,469,ORGANIC
2633,1609,ORGANIC
2634,2717,ORGANIC
2635,3219,ORGANIC
2636,1658,ORGANIC
2637,174,ORGANIC
2638,2254,ORGANIC
2639,1702,ORGANIC
2640,821,ORGANIC
2641,1862,ORGANIC
2642,208,ORGANIC
2643,1171,ORGANIC
2644,2008,ORGANIC
2645,1297,ORGANIC
2646,3128,ORGANIC
2648,4113,ORGANIC
2649,429,ORGANIC
2650,670,ORGANIC
2651,2274,ORGANIC
2652,3846,ORGANIC
2653,1768,ORGANIC
2654,631,ORGANIC
2655,33,ORGANIC
2656,766,ORGANIC
2657,1400,ORGANIC
2658,2619,ORGANIC
2659,1280,ORGANIC
2660,273,ORGANIC
2661,2181,ORGANIC
2662,2648,ORGANIC
2663,1353,ORGANIC
2664,402,ORGANIC
2665,2834,ORGANIC
2666,2161,ORGANIC
2667,2363,ORGANIC
2668,1005,ORGANIC
2669,1208,ORGANIC
2670,1206,ORGANIC
2671,819,ORGANIC
2672,1058,ORGANIC
2673,3458,ORGANIC
2674,3315,ORGANIC
2675,1224,ORGANIC
2676,1357,ORGANIC
2678,1840,ORGANIC
2679,3568,ORGANIC
2680,3165,ORGANIC
2681,1130,ORGANIC
2682,2401,ORGANIC
2683,1111,ORGANIC
2684,147,ORGANIC
2685,1665,ORGANIC
2686,492,ORGANIC
2687,1216,ORGANIC
2688,2297,ORGANIC
2689,953,ORGANIC
2691,966,ORGANIC
2692,946,ORGANIC
2693,569,ORGANIC
2694,3214,ORGANIC
2695,2035,ORGANIC
2696,756,ORGANIC
2697,3721,ORGANIC
2698,1744,ORGANIC
2699,3543,ORGANIC
2700,1191,ORGANIC
2701,190,ORGANIC
2702,389,ORGANIC
2703,981,ORGANIC
2704,1581,ORGANIC
2705,1035,ORGANIC
2706,2733,ORGANIC
2707,610,ORGANIC
2708,568,ORGANIC
2709,3224,ORGANIC
2710,312,ORGANIC
2711,1799,ORGANIC
2712,983,ORGANIC
2713,271,ORGANIC
2714,1645,ORGANIC
2715,2693,ORGANIC
2716,3592,ORGANIC
2717,135,ORGANIC
2718,995,ORGANIC
2719,2335,ORGANIC
2721,1817,ORGANIC
2722,1666,ORGANIC
2723,1605,ORGANIC
2724,2054,ORGANIC
2725,563,ORGANIC
2726,2814,ORGANIC
2727,1709,ORGANIC
2728,2563,ORGANIC
2729,2337,ORGANIC
2730,396,ORGANIC
2731,1870,ORGANIC
2732,805,ORGANIC
2733,1674,ORGANIC
2734,140,ORGANIC
2735,391,ORGANIC
2736,1142,ORGANIC
2737,247,ORGANIC
2738,2656,ORGANIC
2740,3523,ORGANIC
2743,1060,ORGANIC
2744,2864,ORGANIC
2745,3431,ORGANIC
2746,1061,ORGANIC
2747,1412,ORGANIC
2748,1934,ORGANIC
2749,287,ORGANIC
2750,60,ORGANIC
2751,437,ORGANIC
2752,1242,ORGANIC
2753,3475,ORGANIC
2754,217,ORGANIC
2755,3768,ORGANIC
2757,2491,ORGANIC
2758,1712,ORGANIC
2759,2336,ORGANIC
2760,3332,ORGANIC
2761,3584,ORGANIC
2762,2748,ORGANIC
2763,2796,ORGANIC
2764,1347,ORGANIC
2765,2675,ORGANIC
2766,336,ORGANIC
2767,1218,ORGANIC
2768,1895,ORGANIC
2769,4005,ORGANIC
2770,234,ORGANIC
2771,3649,ORGANIC
2772,1942,ORGANIC
2773,2754,ORGANIC
2774,3017,ORGANIC
2775,2873,ORGANIC
2776,1068,ORGANIC
2777,1172,ORGANIC
2778,1566,ORGANIC
2779,581,ORGANIC
2780,341,ORGANIC
2781,1286,ORGANIC
2782,2553,ORGANIC
2783,2368,ORGANIC
2784,283,ORGANIC
2785,556,ORGANIC
2786,115,ORGANIC
2787,1363,ORGANIC
2788,761,ORGANIC
2789,2362,ORGANIC
2790,2720,ORGANIC
2791,3404,ORGANIC
2792,1649,ORGANIC
2793,1175,ORGANIC
2794,3883,ORGANIC
2795,1235,ORGANIC
2796,930,ORGANIC
2797,2466,ORGANIC
2798,650,ORGANIC
2799,2060,ORGANIC
2800,824,ORGANIC
2801,348,ORGANIC
2802,1873,ORGANIC
2803,2776,ORGANIC
2804,2677,ORGANIC
2805,843,ORGANIC
2807,2797,ORGANIC
2808,3093,ORGANIC
2809,709,ORGANIC
2810,2092,ORGANIC
2811,2411,ORGANIC
2812,2508,ORGANIC
2813,1045,ORGANIC
2814,203,ORGANIC
2815,409,ORGANIC
2816,1716,ORGANIC
2817,4111,ORGANIC
2818,3668,ORGANIC
2819,2725,ORGANIC
2820,3141,ORGANIC
2821,3230,ORGANIC
2822,1284,ORGANIC
2824,533,ORGANIC
2825,1524,ORGANIC
2826,2817,ORGANIC
2829,2470,ORGANIC
2830,1077,ORGANIC
2831,2339,ORGANIC
2832,713,ORGANIC
2834,574,ORGANIC
2835,1059,ORGANIC
2836,2838,ORGANIC
2837,1457,ORGANIC
2838,3074,ORGANIC
2839,3734,ORGANIC
2840,969,ORGANIC
2841,2668,ORGANIC
2842,2495,ORGANIC
2843,3336,ORGANIC
2844,2525,ORGANIC
2845,471,ORGANIC
2846,376,ORGANIC
2847,2544,ORGANIC
2848,1228,ORGANIC
2850,343,ORGANIC
2851,2154,ORGANIC
2853,3732,ORGANIC
2854,3423,ORGANIC
2855,2841,ORGANIC
2856,726,ORGANIC
2857,2414,ORGANIC
2858,2182,ORGANIC
2860,2630,ORGANIC
2861,2338,ORGANIC
2862,1016,ORGANIC
2865,1259,ORGANIC
2866,2673,ORGANIC
2867,1281,ORGANIC
2868,464,ORGANIC
2869,130,ORGANIC
2870,2877,ORGANIC
2871,2037,ORGANIC
2872,1854,ORGANIC
2873,2006,ORGANIC
2874,193,ORGANIC
2876,1234,ORGANIC
2877,297,ORGANIC
2878,2180,ORGANIC
2880,2247,ORGANIC
2882,652,ORGANIC
2883,794,ORGANIC
2884,3943,ORGANIC
2885,2532,ORGANIC
2886,3130,ORGANIC
2887,1604,ORGANIC
2888,688,ORGANIC
2889,3531,ORGANIC
2890,2158,ORGANIC
2891,3673,ORGANIC
2892,1723,ORGANIC
2893,2113,ORGANIC
2894,134,ORGANIC
2895,2710,ORGANIC
2896,316,ORGANIC
2898,1914,ORGANIC
2900,2533,ORGANIC
2901,2528,ORGANIC
2902,1200,ORGANIC
2903,331,ORGANIC
2904,1612,ORGANIC
2905,1699,ORGANIC
2906,600,ORGANIC
2907,572,ORGANIC
2908,1887,ORGANIC
2909,1424,ORGANIC
2910,1135,ORGANIC
2911,1923,ORGANIC
2912,1587,ORGANIC
2913,250,ORGANIC
2914,1639,ORGANIC
2915,1841,ORGANIC
2916,2709,ORGANIC
2917,700,ORGANIC
2918,1178,ORGANIC
2919,2077,ORGANIC
2920,522,ORGANIC
2922,101,ORGANIC
2923,1582,ORGANIC
2924,1882,ORGANIC
2925,1364,ORGANIC
2926,2448,ORGANIC
2927,2740,ORGANIC
2928,368,ORGANIC
2929,1091,ORGANIC
2932,2562,ORGANIC
2933,1989,ORGANIC
2934,3096,ORGANIC
2935,2345,ORGANIC
2936,1810,ORGANIC
2937,4099,ORGANIC
2938,183,ORGANIC
2940,294,ORGANIC
2941,2741,ORGANIC
2942,1125,ORGANIC
2943,3015,ORGANIC
2944,443,ORGANIC
2945,2449,ORGANIC
2946,562,ORGANIC
2949,2389,ORGANIC
2950,1998,ORGANIC
2951,2287,ORGANIC
2952,2186,ORGANIC
2953,1964,ORGANIC
2955,1462,RADIOPHARMACEUTICAL
2956,3839,ORGANIC
2957,1229,ORGANIC
2958,59,ORGANIC
2959,450,ORGANIC
2960,3522,ORGANIC
2961,87,ORGANIC
2962,648,ORGANIC
2963,465,ORGANIC
2964,3018,ORGANIC
2965,957,ORGANIC
2966,1956,ORGANIC
2967,2865,ORGANIC
2968,2625,ORGANIC
2969,3139,ORGANIC
2970,1973,ORGANIC
2971,2559,ORGANIC
2972,1176,ORGANIC
2973,3481,ORGANIC
2974,3828,ORGANIC
2975,4052,ORGANIC
2976,2587,ORGANIC
2977,1869,ORGANIC
2979,1032,ORGANIC
2980,897,ORGANIC
2981,3261,ORGANIC
2982,822,ORGANIC
2983,2451,ORGANIC
2984,2575,ORGANIC
2987,2419,ORGANIC
2988,371,ORGANIC
2990,47,ORGANIC
2991,2413,ORGANIC
2992,3309,ORGANIC
2993,1800,ORGANIC
2994,2591,ORGANIC
2996,2777,ORGANIC
2997,3452,ORGANIC
2999,2354,ORGANIC
3000,3507,ORGANIC
3001,573,ORGANIC
3002,3135,ORGANIC
3003,1770,ORGANIC
3004,2356,ORGANIC
3005,927,ORGANIC
3006,114,ORGANIC
3007,2475,ORGANIC
3008,2840,ORGANIC
3009,2426,ORGANIC
3010,2066,ORGANIC
3011,466,ORGANIC
3013,2584,ORGANIC
3014,382,ORGANIC
3015,651,ORGANIC
3016,641,ORGANIC
3017,1937,ORGANIC
3018,2445,ORGANIC
3019,1638,ORGANIC
3020,1104,ORGANIC
3021,1592,ORGANIC
3023,407,ORGANIC
3024,204,ORGANIC
3025,1372,ORGANIC
3026,1564,ORGANIC
3027,3473,ORGANIC
3028,1108,ORGANIC
3029,305,ORGANIC
3030,2707,ORGANIC
3031,2214,ORGANIC
3032,1838,ORGANIC
3033,3806,ORGANIC
3034,1848,ORGANIC
3036,732,ORGANIC
3038,1880,ORGANIC
3039,1610,ORGANIC
3040,575,ORGANIC
3041,1273,ORGANIC
3042,1991,ORGANIC
3043,318,ORGANIC
3044,565,ORGANIC
3046,299,ORGANIC
3047,1037,ORGANIC
3048,2239,ORGANIC
3049,143,ORGANIC
3050,878,ORGANIC
3051,2794,ORGANIC
3052,3470,ORGANIC
3053,678,ORGANIC
3054,516,ORGANIC
3055,1031,ORGANIC
3056,945,ORGANIC
3057,3830,ORGANIC
3058,4053,ORGANIC
3059,3294,ORGANIC
3060,3221,ORGANIC
3061,3081,ORGANIC
3062,784,ORGANIC
3063,2014,ORGANIC
3064,2112,ORGANIC
3066,1105,ORGANIC
3067,1832,ORGANIC
3068,2073,ORGANIC
3069,3537,ORGANIC
3070,550,ORGANIC
3072,1842,ORGANIC
3073,2359,ORGANIC
3074,4004,ORGANIC
3075,933,ORGANIC
3076,3248,ORGANIC
3077,3774,ORGANIC SALT
3079,1481,ORGANIC
3080,1881,ORGANIC
3082,3408,ORGANIC
3083,3292,ORGANIC
3084,2423,ORGANIC
3086,1642,ORGANIC
3087,2866,ORGANIC
3088,1805,ORGANIC
3089,367,ORGANIC
3091,419,ORGANIC
3092,2712,ORGANIC
3093,3700,ORGANIC
3094,3478,ORGANIC
3096,1537,ORGANIC
3097,332,ORGANIC
3099,3238,ORGANIC
3100,1824,ORGANIC
3101,3959,ORGANIC
3102,1551,ORGANIC
3103,3146,ORGANIC
3104,416,ORGANIC
3105,699,ORGANIC
3106,411,ORGANIC
3107,1859,ORGANIC
3108,296,ORGANIC
3109,3328,ORGANIC
3111,2452,ORGANIC
3112,3237,ORGANIC
3113,2726,ORGANIC
3115,1201,ORGANIC
3116,826,ORGANIC
3117,349,ORGANIC
3118,4002,ORGANIC
3119,1304,ORGANIC
3120,1211,ORGANIC
3121,3090,ORGANIC
3122,1115,ORGANIC
3123,279,ORGANIC
3124,1120,ORGANIC
3125,2747,ORGANIC
3127,2806,ORGANIC
3129,3113,ORGANIC
3130,720,ORGANIC
3131,1217,ORGANIC
3132,941,ORGANIC
3133,364,ORGANIC
3134,2650,ORGANIC
3135,3842,ORGANIC
3137,4118,ORGANIC
3138,1212,ORGANIC
3139,2434,ORGANIC
3140,2761,ORGANIC
3141,2547,ORGANIC
3142,2340,ORGANIC
3143,3236,ORGANIC
3144,2219,ORGANIC
3145,2228,ORGANIC
3146,1065,ORGANIC
3147,21,ORGANIC
3149,561,ORGANIC
3150,3749,ORGANIC
3152,2680,ORGANIC
3153,2089,ORGANIC
3154,1063,ORGANIC
3155,2435,ORGANIC
3157,1231,ORGANIC
3158,793,ORGANIC
3159,2767,ORGANIC
3160,942,ORGANIC
3161,1727,ORGANIC
3162,3331,ORGANIC
3163,4075,ORGANIC
3165,2639,ORGANIC
3166,2352,ORGANIC
3167,2611,ORGANIC
3168,961,ORGANIC
3169,1821,ORGANIC
3171,3488,ORGANIC
3172,1685,ORGANIC
3173,1352,ORGANIC
3174,1303,ORGANIC
3175,1301,ORGANIC
3176,1784,ORGANIC
3177,2634,ORGANIC
3178,2469,ORGANIC
3179,4055,ORGANIC
3181,3234,ORGANIC
3182,517,ORGANIC
3183,2635,ORGANIC
3184,1282,ORGANIC
3185,2306,ORGANIC
3186,2674,ORGANIC
3187,199,ORGANIC
3188,2447,ORGANIC
3189,242,ORGANIC
3190,797,ORGANIC
3191,4110,ORGANIC
3193,1305,ORGANIC
3194,2456,ORGANIC
3195,3844,ORGANIC
3196,2843,ORGANIC
3197,954,ORGANIC
3198,855,ORGANIC
3199,1382,ORGANIC
3200,460,ORGANIC
3201,3330,ORGANIC
3202,1204,ORGANIC
3203,798,ORGANIC
3204,2366,ORGANIC
3205,918,ORGANIC
3206,456,ORGANIC
3207,537,ORGANIC
3208,1183,ORGANIC
3209,1751,ORGANIC
3210,3526,ORGANIC
3211,507,ORGANIC
3212,530,ORGANIC
3213,2815,ORGANIC
3215,3548,ORGANIC
3216,1166,ORGANIC
3218,546,ORGANIC
3219,1532,ORGANIC
3221,674,ORGANIC
3222,2374,ORGANIC
3223,799,ORGANIC
3224,2850,ORGANIC
3225,823,ORGANIC
3226,2608,ORGANIC
3227,1813,ORGANIC
3228,570,ORGANIC
3229,274,ORGANIC
3230,2353,ORGANIC
3231,3253,ORGANIC
3232,249,ORGANIC
3234,2251,ORGANIC
3235,3231,ORGANIC
3236,577,ORGANIC
3237,1156,ORGANIC
3238,2041,ORGANIC
3239,2246,ORGANIC
3240,1389,ORGANIC
3241,1614,ORGANIC
3242,834,ORGANIC
3244,2325,ORGANIC
3245,1553,ORGANIC
3246,655,ORGANIC
3247,277,ORGANIC
3248,2217,ORGANIC
3249,2172,ORGANIC
3250,2685,ORGANIC
3251,384,ORGANIC
3252,2103,ORGANIC
3253,529,ORGANIC
3254,527,ORGANIC
3255,4064,ORGANIC
3257,3578,ORGANIC
3258,2218,ORGANIC
3259,1801,ORGANIC
3261,252,ORGANIC
3262,2459,ORGANIC
3263,802,ORGANIC
3264,1602,ORGANIC
3265,280,ORGANIC
3266,2538,ORGANIC
3268,660,ORGANIC
3269,521,ORGANIC
3270,308,ORGANIC
3272,2474,ORGANIC
3273,1611,ORGANIC
3275,986,ORGANIC
3276,2684,ORGANIC
3277,434,ORGANIC
3278,3407,ORGANIC
3279,2681,ORGANIC
3281,741,ORGANIC
3282,2567,ORGANIC
3284,1595,ORGANIC
3285,3533,ORGANIC
3286,680,ORGANIC
3287,3312,ORGANIC
3288,3276,ORGANIC
3289,2444,ORGANIC
3290,415,ORGANIC
3292,977,ORGANIC
3293,1890,ORGANIC
3294,3137,ORGANIC
3295,86,ORGANIC
3296,866,ORGANIC
3297,938,ORGANIC
3298,3178,ORGANIC
3300,539,ORGANIC
3301,2600,ORGANIC
3302,3920,ORGANIC
3303,1769,ORGANIC
3304,692,ORGANIC
3305,1232,ORGANIC
3306,2852,ORGANIC
3307,2351,ORGANIC
3308,3820,ORGANIC
3309,2312,ORGANIC
3310,1771,ORGANIC
3311,2441,ORGANIC
3312,2654,ORGANIC
3313,2380,ORGANIC
3314,3467,ORGANIC
3315,1046,ORGANIC
3316,1222,ORGANIC
3317,1903,ORGANIC
3318,1387,ORGANIC
3319,2193,ORGANIC
3320,829,ORGANIC
3321,354,ORGANIC
3322,2586,ORGANIC
3323,3333,ORGANIC
3324,1138,ORGANIC
3325,1599,ORGANIC
3327,979,ORGANIC
3328,4117,ORGANIC
3329,127,ORGANIC
3333,2727,ORGANIC
3335,2730,ORGANIC
3336,3129,ORGANIC
3337,1619,ORGANIC
3338,624,ORGANIC
3339,3911,ORGANIC
3340,1847,ORGANIC
3341,3076,ORGANIC
3342,1909,ORGANIC
3343,5,ORGANIC
3344,1001,ORGANIC
3345,687,ORGANIC
3346,2237,ORGANIC
3347,3553,ORGANIC
3348,2554,ORGANIC
3349,2406,ORGANIC
3350,535,ORGANIC
3351,202,ORGANIC
3352,1520,ORGANIC
3353,2003,ORGANIC
3354,3639,ORGANIC
3355,1910,ORGANIC
3357,1519,ORGANIC
3358,1167,ORGANIC
3359,1275,ORGANIC
3360,1349,ORGANIC
3361,3209,ORGANIC
3362,3758,ORGANIC
3363,2252,ORGANIC
3364,1390,ORGANIC
3365,3226,ORGANIC
3366,3232,ORGANIC
3367,4033,ORGANIC
3368,785,ORGANIC
3369,1894,ORGANIC
3370,1067,ORGANIC
3371,2243,ORGANIC
3372,2809,ORGANIC
3375,664,ORGANIC
3377,528,ORGANIC
3378,1300,ORGANIC
3379,2535,ORGANIC
3380,290,ORGANIC
3381,1580,ORGANIC
3382,642,ORGANIC
3383,363,ORGANIC
3384,1600,ORGANIC
3385,1423,ORGANIC
3386,1314,ORGANIC
3387,3303,ORGANIC
3388,1205,ORGANIC
3390,508,ORGANIC
3391,1198,ORGANIC
3393,1918,ORGANIC
3394,1797,ORGANIC
3395,1996,ORGANIC
3396,351,ORGANIC
3397,1414,ORGANIC
3398,2574,ORGANIC
3399,1827,ORGANIC
3400,372,ORGANIC
3401,2102,ORGANIC
3402,683,ORGANIC
3403,1350,ORGANIC
3404,2765,ORGANIC
3405,2716,ORGANIC
3406,1225,ORGANIC
3407,1857,ORGANIC
3408,88,ORGANIC
3409,1170,ORGANIC
3410,2576,ORGANIC
3411,150,ORGANIC
3412,1365,ORGANIC
3415,827,ORGANIC
3416,353,ORGANIC
3417,350,ORGANIC
3418,924,ORGANIC
3419,3909,ORGANIC
3420,597,ORGANIC
3421,3880,ORGANIC
3422,1359,ORGANIC
3423,200,ORGANIC
3424,2773,ORGANIC
3426,1517,ORGANIC
3427,91,ORGANIC
3428,3803,ORGANIC
3429,3142,ORGANIC
3430,239,ORGANIC
3431,113,ORGANIC
3432,702,ORGANIC
3433,1545,ORGANIC
3434,729,ORGANIC
3435,566,ORGANIC
3437,2174,ORGANIC
3438,538,ORGANIC
3439,536,ORGANIC
3440,1179,ORGANIC
3441,62,ORGANIC
3442,510,ORGANIC
3444,3077,ORGANIC
3445,1635,ORGANIC
3446,2455,ORGANIC
3447,2583,ORGANIC
3448,553,ORGANIC
3451,3124,ORGANIC
3452,551,ORGANIC
3454,1261,ORGANIC
3455,2269,ORGANIC
3456,2187,ORGANIC
3457,2371,ORGANIC
3458,321,ORGANIC
3459,1328,ORGANIC
3460,352,ORGANIC
3461,1306,ORGANIC
3462,2593,ORGANIC
3463,544,ORGANIC
3464,540,ORGANIC
3465,1066,ORGANIC
3466,1851,ORGANIC
3469,2101,ORGANIC
3471,227,ORGANIC
3472,545,ORGANIC
3473,2080,ORGANIC
3474,1127,ORGANIC
3475,548,ORGANIC
3476,2319,ORGANIC
3477,2212,ORGANIC
3478,786,ORGANIC
3479,3259,COORDINATION
3480,2399,ORGANIC
3482,1302,ORGANIC
3483,973,ORGANIC
3484,825,ORGANIC
3485,1617,ORGANIC
3486,1932,ORGANIC
3487,2396,ORGANIC
3488,2313,ORGANIC
3489,736,ORGANIC
3490,2690,ORGANIC
3491,1527,ORGANIC
3492,2599,ORGANIC
3493,558,ORGANIC
3494,230,ORGANIC
3495,2689,ORGANIC
3496,345,ORGANIC
3497,146,ORGANIC
3498,3790,ORGANIC
3499,1795,ORGANIC
3500,633,ORGANIC
3501,542,ORGANIC
3502,1030,ORGANIC
3503,960,ORGANIC
3504,2250,ORGANIC
3505,1705,ORGANIC
3506,1979,ORGANIC
3508,559,ORGANIC
3509,3071,ORGANIC
3510,3809,ORGANIC
3511,1214,ORGANIC
3514,3394,ORGANIC
3515,3045,ORGANIC
3516,392,ORGANIC
3517,119,ORGANIC
3518,235,ORGANIC
3519,564,ORGANIC
3520,3417,ORGANIC
3522,1911,ORGANIC
3523,4112,ORGANIC
3524,801,ORGANIC
3525,63,ORGANIC
3526,555,ORGANIC
3527,2811,ORGANIC
3528,3812,ORGANIC
3529,102,ORGANIC
3530,1985,ORGANIC
3531,257,ORGANIC
3532,1354,ORGANIC
3533,2509,ORGANIC
3534,792,ORGANIC
3537,3500,ORGANIC
3538,3171,ORGANIC
3540,1245,ORGANIC
3541,3184,ORGANIC
3543,1012,ORGANIC
3544,3133,ORGANIC
3545,532,ORGANIC
3546,1893,ORGANIC
3547,410,ORGANIC
3548,567,ORGANIC
3549,3245,ORGANIC
3550,1486,ORGANIC
3551,3305,ORGANIC
3552,3726,ORGANIC
3553,493,ORGANIC
3554,1465,ORGANIC
3555,3308,ORGANIC
3556,2052,ORGANIC
3557,771,ORGANIC
3558,547,ORGANIC
3559,2855,ORGANIC
3560,3399,ORGANIC
3561,3183,ORGANIC
3562,885,ORGANIC
3563,810,ORGANIC
3564,876,ORGANIC
3565,2248,ORGANIC
3567,1548,ORGANIC
3568,2481,ORGANIC
3569,1043,ORGANIC
3570,272,ORGANIC
3571,890,ORGANIC
3572,888,ORGANIC
3573,2004,ORGANIC
3574,541,ORGANIC
3575,157,ORGANIC
3576,1240,ORGANIC
3577,2661,ORGANIC
3578,3368,ORGANIC
3579,1836,ORGANIC
3580,3956,ORGANIC
3581,1482,ORGANIC
3582,3677,ORGANIC
3583,1112,ORGANIC
3584,3825,ORGANIC
3585,1213,ORGANIC
3586,1370,ORGANIC
3587,560,ORGANIC
3588,2539,ORGANIC
3590,3975,ORGANIC
3591,3520,ORGANIC
3592,1474,ORGANIC
3593,3357,ORGANIC
3594,3274,ORGANIC
3595,1916,ORGANIC
3597,3609,ORGANIC
3598,2183,ORGANIC
3601,893,ORGANIC
3602,2227,POLYMER
3604,1255,ORGANIC
3605,3157,ORGANIC
3606,2370,ORGANIC
3607,1750,ORGANIC
3608,837,ORGANIC
3609,2781,ORGANIC
3610,3535,ORGANIC
3611,475,ORGANIC
3612,1631,ORGANIC
3613,887,ORGANIC
3614,1974,ORGANIC
3615,552,ORGANIC
3616,1437,ORGANIC
3617,1469,ORGANIC
3618,851,ORGANIC
3619,3307,ORGANIC
3620,1451,ORGANIC
3621,1896,ORGANIC
3623,2067,ORGANIC
3625,534,ORGANIC
3626,3695,ORGANIC
3627,3611,ORGANIC
3628,4067,ORGANIC
3629,4063,ORGANIC
3630,3273,ORGANIC
3631,2688,ORGANIC
3632,2198,ORGANIC
3633,3072,ORGANIC
3634,776,ORGANIC
3635,3014,ORGANIC
3636,1789,ORGANIC
3637,1452,ORGANIC
3638,1601,ORGANIC
3639,211,ORGANIC
3640,828,ORGANIC
3641,992,ORGANIC
3643,2369,ORGANIC
3644,3604,ORGANIC
3646,3048,ORGANIC
3647,1917,ORGANIC
3648,2785,ORGANIC
3649,176,ORGANIC
3650,39,ORGANIC
3651,2874,ORGANIC
3652,543,ORGANIC
3653,2244,ORGANIC
3654,1585,ORGANIC
3655,1772,ORGANIC
3656,908,ORGANIC
3658,403,ORGANIC
3660,2590,ORGANIC
3661,3031,ORGANIC
3662,3465,ORGANIC
3663,4108,ORGANIC
3664,3759,ORGANIC
3665,679,ORGANIC
3666,1885,ORGANIC
3667,2550,ORGANIC
3668,109,ORGANIC
3669,3944,ORGANIC
3670,3254,ORGANIC
3671,2422,ORGANIC
3672,3075,ORGANIC
3673,3200,ORGANIC
3674,2588,ORGANIC
3675,2249,ORGANIC
3676,1983,ORGANIC
3677,778,ORGANIC
3678,1322,ORGANIC
3679,549,ORGANIC
3681,3483,ORGANIC
3682,2494,ORGANIC
3683,254,ORGANIC
3684,1513,ORGANIC
3685,3329,ORGANIC
3686,3687,ORGANIC
3687,2555,ORGANIC
3688,3143,ORGANIC
3689,2721,ORGANIC
3691,2816,MIXTURE
3693,2391,ORGANIC
3694,2805,ORGANIC
3695,2086,ORGANIC
3696,1048,ORGANIC
3697,730,ORGANIC
3698,1308,ORGANIC
3699,2778,ORGANIC
3700,2482,ORGANIC
3701,668,ORGANIC
3702,276,ORGANIC
3703,1221,ORGANIC
3704,330,ORGANIC
3705,2826,ORGANIC
3706,3300,ORGANIC
3707,3940,ORGANIC
3708,1589,ORGANIC
3709,881,ORGANIC
3710,378,ORGANIC
3711,1049,ORGANIC
3712,2646,ORGANIC
3713,846,ORGANIC
3714,1464,ORGANIC
3715,1463,ORGANIC
3716,2827,ORGANIC
3717,3262,ORGANIC
3718,882,ORGANIC
3719,2379,ORGANIC
3720,3062,ORGANIC
3721,1062,ORGANIC
3722,1788,ORGANIC
3723,1052,ORGANIC
3724,1473,ORGANIC
3725,1468,ORGANIC
3726,219,ORGANIC
3728,2531,ORGANIC
3729,1761,ORGANIC
3730,3030,ORGANIC
3731,2552,ORGANIC
3732,3551,ORGANIC
3734,67,ORGANIC
3735,1471,ORGANIC
3736,939,ORGANIC
3737,2168,ORGANIC
3738,1445,ORGANIC
3740,2823,ORGANIC
3741,80,ORGANIC
3742,2581,ORGANIC
3743,2460,ORGANIC
3744,2769,ORGANIC
3745,1861,ORGANIC
3746,3644,ORGANIC
3747,3210,ORGANIC
3748,1461,ORGANIC
3749,1325,ORGANIC
3750,2377,ORGANIC
3751,68,ORGANIC
3753,2825,ORGANIC
3754,2398,ORGANIC
3755,1518,ORGANIC
3756,925,ORGANIC
3757,1466,ORGANIC
3758,1449,ORGANIC
3759,2410,ORGANIC
3760,2471,ORGANIC
3761,2280,ORGANIC
3762,2376,ORGANIC
3763,2044,ORGANIC
3765,1051,ORGANIC
3768,3217,ORGANIC
3769,2378,ORGANIC
3770,2472,ORGANIC
3771,2400,ORGANIC
3772,1815,ORGANIC
3773,2473,ORGANIC
3774,2446,ORGANIC
3775,1296,ORGANIC
3776,197,ORGANIC
3777,1977,ORGANIC
3778,661,ORGANIC
3779,259,ORGANIC
3780,813,ORGANIC
3781,1118,ORGANIC
3783,2949,ORGANIC
3784,1543,ORGANIC
3787,1822,ORGANIC
3788,2974,ORGANIC
3789,2223,ORGANIC
3790,3306,ORGANIC
3791,1455,ORGANIC
3793,4304,ORGANIC
3795,3991,ORGANIC
3796,2960,ORGANIC
3798,1450,ORGANIC
3799,1472,ORGANIC
3800,3966,ORGANIC
3801,2966,ORGANIC
3803,1044,ORGANIC
3805,2965,ORGANIC
3806,1236,ORGANIC
3807,2971,ORGANIC
3808,3302,ORGANIC
3809,1470,ORGANIC
3810,4190,ORGANIC
3811,4191,ORGANIC
3812,4192,ORGANIC
3813,4193,ORGANIC
3814,4194,ORGANIC
3815,4195,ORGANIC
3816,4197,ORGANIC
3818,4209,ORGANIC
3819,4211,ORGANIC
3820,4213,ORGANIC
3821,4215,ORGANIC
3822,4120,ORGANIC
3823,4123,ORGANIC
3824,4124,ORGANIC
3825,4125,ORGANIC
3826,4126,ORGANIC
3827,4127,ORGANIC
3828,4128,ORGANIC
3829,4129,ORGANIC
3830,4130,ORGANIC
3832,4134,ORGANIC
3833,4135,ORGANIC
3835,4137,ORGANIC
3836,4138,ORGANIC
3838,4140,ORGANIC
3839,4141,ORGANIC
3840,4143,ORGANIC
3841,4145,ORGANIC
3842,4146,ORGANIC
3843,4148,ORGANIC
3844,4149,ORGANIC
3845,4151,ORGANIC
3846,4152,ORGANIC
3847,4150,ORGANIC
3848,4020,ORGANIC
3849,4153,ORGANIC
3850,4156,ORGANIC
3851,4157,ORGANIC
3852,4159,ORGANIC
3853,4160,ORGANIC
3854,4161,ORGANIC
3855,4162,ORGANIC
3856,4163,ORGANIC
3857,4218,ORGANIC
3858,4165,ORGANIC
3859,4166,ORGANIC
3860,4167,ORGANIC
3861,4168,ORGANIC
3862,4169,ORGANIC
3863,4171,ORGANIC
3865,4174,ORGANIC
3866,4175,ORGANIC
3867,4176,ORGANIC
3868,4177,ORGANIC
3869,4178,ORGANIC
3870,4180,ORGANIC
3871,4181,ORGANIC
3872,4182,ORGANIC
3873,4183,ORGANIC
3874,4184,ORGANIC
3875,4185,ORGANIC
3876,4227,ORGANIC
3877,4228,ORGANIC
3878,4233,ORGANIC
3879,4254,ORGANIC
3880,4255,ORGANIC
3881,4257,ORGANIC
3882,4258,ORGANIC
3883,4259,ORGANIC
3884,4264,ORGANIC
3885,4266,ORGANIC
3886,4267,ORGANIC
3887,4268,ORGANIC
3888,4270,ORGANIC
3889,4272,ORGANIC
3890,4276,ORGANIC
3891,4280,ORGANIC
3892,4283,ORGANIC
3894,4289,ORGANIC
3895,4292,ORGANIC
3896,4298,ORGANIC
3897,4299,ORGANIC
3898,4300,ORGANIC
3900,4302,ORGANIC
3901,4303,ORGANIC
3902,4305,ORGANIC
3903,4306,ORGANIC
3904,4308,ORGANIC
3905,4310,ORGANIC
3906,4311,ORGANIC
3907,4312,ORGANIC
3909,4314,ORGANIC
3910,4318,ORGANIC
3911,4319,ORGANIC
3913,4322,ORGANIC
3915,4326,ORGANIC
3916,4327,ORGANIC
3917,4328,ORGANIC
3918,4330,ORGANIC
3919,4626,ORGANIC
3920,4332,ORGANIC
3921,4334,ORGANIC
3922,4336,ORGANIC
3923,4337,ORGANIC
3924,4339,ORGANIC
3925,4340,ORGANIC
3926,4342,ORGANIC
3928,4352,ORGANIC
3929,4353,ORGANIC
3930,4354,ORGANIC
3931,4356,ORGANIC
3932,4359,ORGANIC
3933,4361,ORGANIC
3934,4363,ORGANIC
3935,4365,ORGANIC
3937,4372,ORGANIC
3938,4374,ORGANIC
3939,4375,ORGANIC
3940,4376,ORGANIC
3941,4377,ORGANIC
3942,4378,ORGANIC
3943,4380,ORGANIC
3944,4381,ORGANIC
3945,4382,ORGANIC
3946,4384,ORGANIC
3947,4393,ORGANIC
3948,4394,ORGANIC
3949,4395,ORGANIC
3950,4396,ORGANIC
3951,4397,ORGANIC
3952,4398,ORGANIC
3953,4399,ORGANIC
3954,4400,ORGANIC
3955,4401,ORGANIC
3956,4402,ORGANIC
3957,4407,ORGANIC
3958,4408,ORGANIC
3959,4409,ORGANIC
3960,4410,ORGANIC
3961,4411,ORGANIC
3962,4412,ORGANIC
3963,4413,ORGANIC
3964,4414,ORGANIC
3965,4415,ORGANIC
3966,4417,ORGANIC
3967,4418,ORGANIC
3968,4419,ORGANIC
3969,4420,ORGANIC
3970,4421,ORGANIC
3971,4422,ORGANIC
3972,4423,ORGANIC
3973,4424,ORGANIC
3974,4444,ORGANIC
3975,4450,ORGANIC
3976,4451,ORGANIC
3977,4452,ORGANIC
3978,4454,ORGANIC
3980,4456,ORGANIC
3981,4458,ORGANIC
3982,4460,ORGANIC
3983,4462,ORGANIC
3984,4463,ORGANIC
3985,4464,ORGANIC
3986,4465,ORGANIC
3987,4466,ORGANIC
3988,4467,ORGANIC
3989,4468,ORGANIC
3991,4470,ORGANIC
3992,4481,ORGANIC
3993,4482,ORGANIC
3994,4484,ORGANIC
3995,4485,ORGANIC
3996,4486,ORGANIC
3997,4493,ORGANIC
3998,4496,ORGANIC
3999,4497,ORGANIC
4000,4498,ORGANIC
4001,4500,ORGANIC
4002,4501,ORGANIC
4003,4504,ORGANIC
4004,4505,ORGANIC
4006,4507,ORGANIC
4007,4508,ORGANIC
4009,4523,ORGANIC
4010,4531,ORGANIC
4011,4535,ORGANIC
4012,4536,ORGANIC
4013,4546,ORGANIC
4014,4547,ORGANIC
4015,4548,ORGANIC
4020,4553,ORGANIC
4021,4554,ORGANIC
4025,4562,ORGANIC
4026,4563,ORGANIC
4027,4564,ORGANIC
4028,4567,ORGANIC
4029,4569,ORGANIC
4030,4570,ORGANIC
4031,4571,ORGANIC
4032,4572,ORGANIC
4033,4573,ORGANIC
4034,4574,ORGANIC
4035,4575,ORGANIC
4038,4579,ORGANIC
4039,4580,ORGANIC
4040,4581,ORGANIC
4041,4582,ORGANIC
4042,4583,ORGANIC
4043,4586,ORGANIC
4044,4587,ORGANIC
4045,4588,ORGANIC
4046,4589,ORGANIC
4048,4598,ORGANIC
4050,4601,ORGANIC
4051,4602,ORGANIC
4052,4604,ORGANIC
4053,4605,ORGANIC
4054,4606,ORGANIC
4055,4607,ORGANIC
4056,4608,ORGANIC
4057,4609,ORGANIC
4058,4610,ORGANIC
4059,4611,ORGANIC
4060,4612,ORGANIC
4061,4613,ORGANIC
4062,4615,ORGANIC
4063,4616,ORGANIC
4064,4617,ORGANIC
4065,4618,ORGANIC
4066,4619,ORGANIC
4067,4620,ORGANIC
4068,4621,ORGANIC
4069,4624,ORGANIC
4070,4628,ORGANIC
4071,4633,ORGANIC
4072,4634,ORGANIC
4074,4637,ORGANIC SALT
4075,4638,ORGANIC
4076,4639,ORGANIC
4077,4640,ORGANIC
4078,4641,ORGANIC
4079,4642,ORGANIC
4080,4645,ORGANIC
4081,4647,ORGANIC
4082,4235,INORGANIC
4083,4237,INORGANIC
4084,4238,INORGANIC
4085,4240,INORGANIC
4086,4244,INORGANIC
4087,1948,INORGANIC
4088,3281,INORGANIC
4089,3035,INORGANIC
4090,4039,INORGANIC
4091,244,INORGANIC
4092,4250,INORGANIC
4093,4251,INORGANIC
4094,4256,INORGANIC
4095,4260,INORGANIC
4096,4262,INORGANIC
4097,4273,INORGANIC
4098,4274,INORGANIC
4099,4277,INORGANIC
4100,4284,INORGANIC
4102,4291,INORGANIC
4103,4293,INORGANIC
4104,4325,INORGANIC SALT
4105,4625,INORGANIC
4106,4341,INORGANIC
4107,4369,INORGANIC
4110,4438,INORGANIC
4111,4443,INORGANIC
4112,4446,INORGANIC
4114,4478,INORGANIC
4115,4495,INORGANIC
4116,4499,INORGANIC
4117,4513,INORGANIC SALT
4118,4530,INORGANIC
4119,4539,INORGANIC
4120,4543,INORGANIC
4121,4568,INORGANIC
4123,4595,INORGANIC
4124,4636,INORGANIC
4125,3665,COORDINATION
4126,3887,COORDINATION
4127,3258,COORDINATION
4128,4106,COORDINATION
4130,4196,COORDINATION
4131,4210,COORDINATION
4132,4122,COORDINATION
4133,4133,COORDINATION
4134,4147,COORDINATION
4135,4179,COORDINATION
4136,4248,COORDINATION
4137,4309,COORDINATION
4138,4349,COORDINATION
4139,4392,COORDINATION
4140,4403,COORDINATION
4141,4404,COORDINATION
4142,4437,COORDINATION
4143,4471,COORDINATION
4144,4475,COORDINATION
4145,4491,COORDINATION
4146,4494,COORDINATION
4147,4510,COORDINATION
4148,4511,COORDINATION
4149,4517,COORDINATION
4150,4522,COORDINATION
4151,4532,COORDINATION
4152,4533,COORDINATION
4153,4540,COORDINATION
4154,4541,COORDINATION
4155,4557,COORDINATION
4156,4558,COORDINATION
4157,4559,COORDINATION
4158,4565,COORDINATION
4159,4592,COORDINATION
4160,4594,COORDINATION
4161,4600,COORDINATION
4162,4603,COORDINATION
4163,4629,COORDINATION
4164,4631,COORDINATION
4165,4644,COORDINATION
4166,4646,COORDINATION
4167,4239,INORGANIC SALT
4168,4243,INORGANIC SALT
4169,936,ORGANIC SALT
4170,3699,ORGANIC SALT
4171,3547,ORGANIC SALT
4172,3727,ORGANIC SALT
4173,3708,ORGANIC SALT
4175,4432,ORGANIC SALT
4176,4433,ORGANIC SALT
4177,4434,ORGANIC SALT
4178,4198,INORGANIC SALT
4179,4199,INORGANIC SALT
4180,4200,INORGANIC SALT
4181,4373,ORGANIC SALT
4182,4453,ORGANIC SALT
4183,4544,ORGANIC SALT
4184,4269,ORGANIC SALT
4185,4287,ORGANIC SALT
4186,4489,ORGANIC SALT
4187,4261,ORGANIC SALT
4189,4144,ORGANIC SALT
4190,4590,ORGANIC SALT
4191,4442,ORGANIC SALT
4192,4449,ORGANIC SALT
4193,4383,ORGANIC SALT
4194,4416,ORGANIC SALT
4196,4538,ORGANIC SALT
4197,4545,ORGANIC SALT
4198,4593,ORGANIC SALT
4200,4142,ORGANIC SALT
4201,4537,ORGANIC SALT
4202,4560,ORGANIC SALT
4203,4390,ORGANIC SALT
4204,4457,ORGANIC SALT
4207,4519,ORGANIC SALT
4208,4524,ORGANIC SALT
4209,4214,ORGANIC SALT
4210,4477,ORGANIC SALT
4211,4512,ORGANIC SALT
4213,4345,ORGANIC SALT
4214,4526,INORGANIC SALT
4215,4585,INORGANIC SALT
4216,4474,ORGANIC SALT
4217,4597,ORGANIC SALT
4219,4492,ORGANIC SALT
4225,4208,ORGANIC SALT
4228,4435,MIXTURE
4229,4281,ORGANIC SALT
4230,4459,ORGANIC SALT
4231,4479,ORGANIC SALT
4232,4355,ORGANIC SALT
4233,4503,ORGANIC SALT
4234,4343,ORGANIC SALT
4235,4348,ORGANIC SALT
4236,4515,ORGANIC SALT
4238,4385,ORGANIC SALT
4241,4347,ORGANIC SALT
4242,4440,ORGANIC SALT
4247,4201,INORGANIC SALT
4248,4206,INORGANIC SALT
4249,4212,INORGANIC SALT
4250,4219,INORGANIC SALT
4252,4252,INORGANIC SALT
4253,4263,INORGANIC SALT
4254,4271,INORGANIC SALT
4255,4275,INORGANIC SALT
4256,4282,INORGANIC SALT
4257,4290,INORGANIC SALT
4258,4295,INORGANIC SALT
4259,4296,INORGANIC SALT
4260,4344,INORGANIC SALT
4261,4346,INORGANIC SALT
4262,4350,INORGANIC SALT
4263,4436,INORGANIC SALT
4264,4439,INORGANIC SALT
4265,4441,INORGANIC SALT
4266,4448,INORGANIC SALT
4267,4461,INORGANIC SALT
4268,4480,INORGANIC SALT
4270,4502,INORGANIC SALT
4271,4518,INORGANIC SALT
4272,4521,INORGANIC SALT
4273,4527,INORGANIC SALT
4274,4528,INORGANIC SALT
4275,4529,INORGANIC SALT
4276,4596,INORGANIC SALT
4277,4630,INORGANIC SALT
4278,4584,RADIOPHARMACEUTICAL
4279,4578,RADIOPHARMACEUTICAL
4280,4577,RADIOPHARMACEUTICAL
4281,4566,ORGANIC SALT
4282,4560,RADIOPHARMACEUTICAL
4283,4551,RADIOPHARMACEUTICAL
4284,4550,RADIOPHARMACEUTICAL
4285,4542,INORGANIC SALT
4286,4537,RADIOPHARMACEUTICAL
4287,4533,RADIOPHARMACEUTICAL
4288,4520,INORGANIC SALT
4289,4488,RADIOPHARMACEUTICAL
4290,4476,ORGANIC SALT
4291,4472,RADIOPHARMACEUTICAL
4292,4202,ORGANIC SALT
4293,4203,ORGANIC SALT
4294,4205,INORGANIC SALT
4295,4207,INORGANIC SALT
4296,4217,ORGANIC SALT
4297,4288,INORGANIC SALT
4298,4370,RADIOPHARMACEUTICAL
4299,4371,RADIOPHARMACEUTICAL
4300,4285,RADIOPHARMACEUTICAL
4301,4301,RADIOPHARMACEUTICAL
4302,4455,RADIOPHARMACEUTICAL
4303,4635,RADIOPHARMACEUTICAL
4304,4629,INORGANIC SALT
4305,4631,INORGANIC SALT
4306,4471,ORGANIC SALT
4307,4522,INORGANIC SALT
4308,4533,ORGANIC SALT
4309,4648,ORGANIC
4310,4649,ORGANIC
4311,4650,ORGANIC
4312,4651,ORGANIC
4313,4653,ORGANIC
4314,513,INNER SALT
4315,1831,INNER SALT
4316,3906,INNER SALT
4317,627,INNER SALT
4318,730,INNER SALT
4319,4503,INNER SALT
4320,4589,INNER SALT
4322,4651,INNER SALT
4323,558,INNER SALT
4324,551,INNER SALT
4325,573,INNER SALT
4326,1810,INNER SALT
4327,365,INNER SALT
4328,3709,INNER SALT
4330,4654,ORGANIC
4331,4655,ORGANIC
4332,4286,RADIOPHARMACEUTICAL
4333,3887,RADIOPHARMACEUTICAL
4334,4656,ORGANIC
4335,4657,COORDINATION
4336,4658,ORGANIC
4337,4659,ORGANIC
4338,4652,ORGANIC
4339,4660,ORGANIC
4340,1459,RADIOPHARMACEUTICAL
4341,4661,ORGANIC
4342,4662,MIXTURE
4343,4662,COORDINATION
4344,4662,ORGANIC SALT
4345,4663,ORGANIC
4346,4664,ORGANIC
4347,4665,ORGANIC
4348,4666,ORGANIC
4349,4667,ORGANIC
4350,4668,ORGANIC
4352,4670,ORGANIC
4353,4671,ORGANIC
4354,4672,ORGANIC
4355,4673,ORGANIC
4356,4674,ORGANIC
4357,4675,ORGANIC
4358,4676,ORGANIC
4359,4677,ORGANIC
4360,4678,PEPTIDE
4361,4679,PEPTIDE
4362,4680,ORGANIC SALT
4363,4681,ORGANIC
4364,4682,ORGANIC
4365,4683,ORGANIC
4366,4684,ORGANIC
4367,4685,ORGANIC
4368,4686,ORGANIC
4369,4687,MIXTURE
4371,4688,ORGANOMETALLIC
4372,4687,ORGANOMETALLIC
4373,4600,ORGANOMETALLIC
4374,4404,ORGANOMETALLIC
4375,4689,ORGANIC
4376,4691,POLYMER
4377,4692,POLYMER
4378,4690,ORGANIC
4379,4657,ORGANOMETALLIC
4380,4693,POLYMER
4381,4694,ORGANIC SALT
4382,4695,ORGANIC SALT
4383,4696,ORGANIC
4384,4697,ORGANIC
4385,4698,INORGANIC SALT
4386,4699,INORGANIC SALT
4387,4700,MIXTURE
4389,4702,ORGANIC
4390,4703,COORDINATION
4391,4704,ORGANIC
4392,4705,POLYMER
4393,4705,ORGANIC SALT
4394,4706,COORDINATION
4395,4706,ORGANIC SALT
4396,4707,COORDINATION
4397,4707,INORGANIC SALT
4399,4325,COORDINATION
4400,4323,RADIOPHARMACEUTICAL
4402,4249,MIXTURE
4404,1075,ORGANIC SALT
4405,4368,ORGANIC
4406,4708,ORGANIC SALT
4407,4709,COORDINATION
4408,4709,ORGANIC SALT
4409,4710,PEPTIDE
4410,4711,MIXTURE
4412,4712,ORGANIC SALT
4413,4713,ORGANIC
4414,4714,ORGANIC SALT
4415,4715,ORGANIC
4416,4716,ORGANIC
4419,535,INNER SALT
4420,4718,PEPTIDE
4421,1267,COORDINATION
4422,1267,ORGANIC SALT
4423,1268,COORDINATION
4424,4230,RADIOPHARMACEUTICAL
4425,4719,ORGANIC
4427,4721,ORGANIC
4439,4286,INORGANIC
4440,4370,INORGANIC
4441,4371,INORGANIC
4442,4472,INORGANIC
4443,4584,INORGANIC
4444,467,COORDINATION
4445,4103,POLYMER
4446,3698,UNKNOWN
4447,4722,MIXTURE
4448,4722,ORGANIC SALT
4449,4723,ORGANIC
4450,4724,MIXTURE
4451,4725,UNKNOWN
4453,4726,POLYMER
4454,4727,ORGANIC
4455,4728,ORGANIC
4456,4729,ORGANIC
4457,4730,ORGANIC
4458,4731,ORGANIC
4459,4732,ORGANIC
4461,4733,ORGANOMETALLIC
4462,4733,COORDINATION
4463,4733,ORGANIC SALT
4464,4734,ORGANIC
4465,4735,MIXTURE
4466,4736,ORGANIC
4467,4737,ORGANIC
4468,4738,POLYMER
4470,4739,MIXTURE
4472,4741,ORGANIC
4474,4742,MIXTURE
4475,4743,ORGANIC
4476,4744,POLYMER
5403,5368,TOXIN
5405,5370,ORGANIC
5406,5371,ORGANIC
5407,5372,ORGANIC
5408,5373,POLYMER
5409,5374,PROTEIN
